pargpnme,inctyp,derinc,derinclb,forcen,derincmul,dermthd,splitthresh,splitreldiff,splitaction
npfklayer1gr,relative,0.01,0.0,switch,2.0,parabolic,1e-05,0.5,smaller
npfk33layer2gr,relative,0.01,0.0,switch,2.0,parabolic,1e-05,0.5,smaller
nelayer2gr,relative,0.01,0.0,switch,2.0,parabolic,1e-05,0.5,smaller
rch_recharge_1gr,relative,0.01,0.0,switch,2.0,parabolic,1e-05,0.5,smaller
nelayer1gr,relative,0.01,0.0,switch,2.0,parabolic,1e-05,0.5,smaller
stosylayer1gr,relative,0.01,0.0,switch,2.0,parabolic,1e-05,0.5,smaller
stosslayer3gr,relative,0.01,0.0,switch,2.0,parabolic,1e-05,0.5,smaller
stosslayer2gr,relative,0.01,0.0,switch,2.0,parabolic,1e-05,0.5,smaller
npfk33layer3gr,relative,0.01,0.0,switch,2.0,parabolic,1e-05,0.5,smaller
nelayer3gr,relative,0.01,0.0,switch,2.0,parabolic,1e-05,0.5,smaller
npfklayer3gr,relative,0.01,0.0,switch,2.0,parabolic,1e-05,0.5,smaller
npfk33layer1gr,relative,0.01,0.0,switch,2.0,parabolic,1e-05,0.5,smaller
npfklayer2gr,relative,0.01,0.0,switch,2.0,parabolic,1e-05,0.5,smaller
welgrd,relative,0.01,0.0,switch,2.0,parabolic,1e-05,0.5,smaller
welcst,relative,0.01,0.0,switch,2.0,parabolic,1e-05,0.5,smaller
npfk33layer1pp,relative,0.01,0.0,switch,2.0,parabolic,1e-05,0.5,smaller
nelayer2pp,relative,0.01,0.0,switch,2.0,parabolic,1e-05,0.5,smaller
nelayer1pp,relative,0.01,0.0,switch,2.0,parabolic,1e-05,0.5,smaller
npfklayer2pp,relative,0.01,0.0,switch,2.0,parabolic,1e-05,0.5,smaller
rch_recharge_1pp,relative,0.01,0.0,switch,2.0,parabolic,1e-05,0.5,smaller
stosylayer1pp,relative,0.01,0.0,switch,2.0,parabolic,1e-05,0.5,smaller
stosslayer3pp,relative,0.01,0.0,switch,2.0,parabolic,1e-05,0.5,smaller
npfklayer1pp,relative,0.01,0.0,switch,2.0,parabolic,1e-05,0.5,smaller
stosslayer2pp,relative,0.01,0.0,switch,2.0,parabolic,1e-05,0.5,smaller
npfklayer3pp,relative,0.01,0.0,switch,2.0,parabolic,1e-05,0.5,smaller
nelayer3pp,relative,0.01,0.0,switch,2.0,parabolic,1e-05,0.5,smaller
npfk33layer3pp,relative,0.01,0.0,switch,2.0,parabolic,1e-05,0.5,smaller
npfk33layer2pp,relative,0.01,0.0,switch,2.0,parabolic,1e-05,0.5,smaller
sfrcondgr,relative,0.01,0.0,switch,2.0,parabolic,1e-05,0.5,smaller
ghbcondgr,relative,0.01,0.0,switch,2.0,parabolic,1e-05,0.5,smaller
ghbheadgr,absolute,0.01,0.0,switch,2.0,parabolic,1e-05,0.5,smaller
rch_recharge_490tcn,relative,0.01,0.0,switch,2.0,parabolic,1e-05,0.5,smaller
rch_recharge_491tcn,relative,0.01,0.0,switch,2.0,parabolic,1e-05,0.5,smaller
rch_recharge_489tcn,relative,0.01,0.0,switch,2.0,parabolic,1e-05,0.5,smaller
rch_recharge_485tcn,relative,0.01,0.0,switch,2.0,parabolic,1e-05,0.5,smaller
rch_recharge_488tcn,relative,0.01,0.0,switch,2.0,parabolic,1e-05,0.5,smaller
rch_recharge_487tcn,relative,0.01,0.0,switch,2.0,parabolic,1e-05,0.5,smaller
rch_recharge_486tcn,relative,0.01,0.0,switch,2.0,parabolic,1e-05,0.5,smaller
rch_recharge_484tcn,relative,0.01,0.0,switch,2.0,parabolic,1e-05,0.5,smaller
rch_recharge_483tcn,relative,0.01,0.0,switch,2.0,parabolic,1e-05,0.5,smaller
rch_recharge_492tcn,relative,0.01,0.0,switch,2.0,parabolic,1e-05,0.5,smaller
rch_recharge_499tcn,relative,0.01,0.0,switch,2.0,parabolic,1e-05,0.5,smaller
rch_recharge_493tcn,relative,0.01,0.0,switch,2.0,parabolic,1e-05,0.5,smaller
rch_recharge_494tcn,relative,0.01,0.0,switch,2.0,parabolic,1e-05,0.5,smaller
rch_recharge_495tcn,relative,0.01,0.0,switch,2.0,parabolic,1e-05,0.5,smaller
rch_recharge_496tcn,relative,0.01,0.0,switch,2.0,parabolic,1e-05,0.5,smaller
rch_recharge_497tcn,relative,0.01,0.0,switch,2.0,parabolic,1e-05,0.5,smaller
rch_recharge_498tcn,relative,0.01,0.0,switch,2.0,parabolic,1e-05,0.5,smaller
rch_recharge_481tcn,relative,0.01,0.0,switch,2.0,parabolic,1e-05,0.5,smaller
rch_recharge_500tcn,relative,0.01,0.0,switch,2.0,parabolic,1e-05,0.5,smaller
rch_recharge_501tcn,relative,0.01,0.0,switch,2.0,parabolic,1e-05,0.5,smaller
rch_recharge_502tcn,relative,0.01,0.0,switch,2.0,parabolic,1e-05,0.5,smaller
rch_recharge_482tcn,relative,0.01,0.0,switch,2.0,parabolic,1e-05,0.5,smaller
rch_recharge_467tcn,relative,0.01,0.0,switch,2.0,parabolic,1e-05,0.5,smaller
rch_recharge_480tcn,relative,0.01,0.0,switch,2.0,parabolic,1e-05,0.5,smaller
rch_recharge_479tcn,relative,0.01,0.0,switch,2.0,parabolic,1e-05,0.5,smaller
rch_recharge_460tcn,relative,0.01,0.0,switch,2.0,parabolic,1e-05,0.5,smaller
rch_recharge_461tcn,relative,0.01,0.0,switch,2.0,parabolic,1e-05,0.5,smaller
rch_recharge_462tcn,relative,0.01,0.0,switch,2.0,parabolic,1e-05,0.5,smaller
rch_recharge_463tcn,relative,0.01,0.0,switch,2.0,parabolic,1e-05,0.5,smaller
rch_recharge_464tcn,relative,0.01,0.0,switch,2.0,parabolic,1e-05,0.5,smaller
rch_recharge_465tcn,relative,0.01,0.0,switch,2.0,parabolic,1e-05,0.5,smaller
rch_recharge_466tcn,relative,0.01,0.0,switch,2.0,parabolic,1e-05,0.5,smaller
rch_recharge_504tcn,relative,0.01,0.0,switch,2.0,parabolic,1e-05,0.5,smaller
rch_recharge_468tcn,relative,0.01,0.0,switch,2.0,parabolic,1e-05,0.5,smaller
rch_recharge_469tcn,relative,0.01,0.0,switch,2.0,parabolic,1e-05,0.5,smaller
rch_recharge_470tcn,relative,0.01,0.0,switch,2.0,parabolic,1e-05,0.5,smaller
rch_recharge_471tcn,relative,0.01,0.0,switch,2.0,parabolic,1e-05,0.5,smaller
rch_recharge_472tcn,relative,0.01,0.0,switch,2.0,parabolic,1e-05,0.5,smaller
rch_recharge_473tcn,relative,0.01,0.0,switch,2.0,parabolic,1e-05,0.5,smaller
rch_recharge_474tcn,relative,0.01,0.0,switch,2.0,parabolic,1e-05,0.5,smaller
rch_recharge_475tcn,relative,0.01,0.0,switch,2.0,parabolic,1e-05,0.5,smaller
rch_recharge_476tcn,relative,0.01,0.0,switch,2.0,parabolic,1e-05,0.5,smaller
rch_recharge_477tcn,relative,0.01,0.0,switch,2.0,parabolic,1e-05,0.5,smaller
rch_recharge_478tcn,relative,0.01,0.0,switch,2.0,parabolic,1e-05,0.5,smaller
rch_recharge_503tcn,relative,0.01,0.0,switch,2.0,parabolic,1e-05,0.5,smaller
rch_recharge_519tcn,relative,0.01,0.0,switch,2.0,parabolic,1e-05,0.5,smaller
rch_recharge_505tcn,relative,0.01,0.0,switch,2.0,parabolic,1e-05,0.5,smaller
rch_recharge_528tcn,relative,0.01,0.0,switch,2.0,parabolic,1e-05,0.5,smaller
rch_recharge_530tcn,relative,0.01,0.0,switch,2.0,parabolic,1e-05,0.5,smaller
rch_recharge_531tcn,relative,0.01,0.0,switch,2.0,parabolic,1e-05,0.5,smaller
rch_recharge_532tcn,relative,0.01,0.0,switch,2.0,parabolic,1e-05,0.5,smaller
rch_recharge_533tcn,relative,0.01,0.0,switch,2.0,parabolic,1e-05,0.5,smaller
rch_recharge_534tcn,relative,0.01,0.0,switch,2.0,parabolic,1e-05,0.5,smaller
rch_recharge_535tcn,relative,0.01,0.0,switch,2.0,parabolic,1e-05,0.5,smaller
rch_recharge_536tcn,relative,0.01,0.0,switch,2.0,parabolic,1e-05,0.5,smaller
rch_recharge_537tcn,relative,0.01,0.0,switch,2.0,parabolic,1e-05,0.5,smaller
rch_recharge_538tcn,relative,0.01,0.0,switch,2.0,parabolic,1e-05,0.5,smaller
rch_recharge_539tcn,relative,0.01,0.0,switch,2.0,parabolic,1e-05,0.5,smaller
rch_recharge_540tcn,relative,0.01,0.0,switch,2.0,parabolic,1e-05,0.5,smaller
rch_recharge_541tcn,relative,0.01,0.0,switch,2.0,parabolic,1e-05,0.5,smaller
rch_recharge_542tcn,relative,0.01,0.0,switch,2.0,parabolic,1e-05,0.5,smaller
rch_recharge_543tcn,relative,0.01,0.0,switch,2.0,parabolic,1e-05,0.5,smaller
rch_recharge_544tcn,relative,0.01,0.0,switch,2.0,parabolic,1e-05,0.5,smaller
rch_recharge_545tcn,relative,0.01,0.0,switch,2.0,parabolic,1e-05,0.5,smaller
rch_recharge_546tcn,relative,0.01,0.0,switch,2.0,parabolic,1e-05,0.5,smaller
rch_recharge_547tcn,relative,0.01,0.0,switch,2.0,parabolic,1e-05,0.5,smaller
rch_recharge_548tcn,relative,0.01,0.0,switch,2.0,parabolic,1e-05,0.5,smaller
rch_recharge_529tcn,relative,0.01,0.0,switch,2.0,parabolic,1e-05,0.5,smaller
rch_recharge_527tcn,relative,0.01,0.0,switch,2.0,parabolic,1e-05,0.5,smaller
rch_recharge_506tcn,relative,0.01,0.0,switch,2.0,parabolic,1e-05,0.5,smaller
rch_recharge_526tcn,relative,0.01,0.0,switch,2.0,parabolic,1e-05,0.5,smaller
rch_recharge_507tcn,relative,0.01,0.0,switch,2.0,parabolic,1e-05,0.5,smaller
rch_recharge_508tcn,relative,0.01,0.0,switch,2.0,parabolic,1e-05,0.5,smaller
rch_recharge_509tcn,relative,0.01,0.0,switch,2.0,parabolic,1e-05,0.5,smaller
rch_recharge_510tcn,relative,0.01,0.0,switch,2.0,parabolic,1e-05,0.5,smaller
rch_recharge_511tcn,relative,0.01,0.0,switch,2.0,parabolic,1e-05,0.5,smaller
rch_recharge_512tcn,relative,0.01,0.0,switch,2.0,parabolic,1e-05,0.5,smaller
rch_recharge_513tcn,relative,0.01,0.0,switch,2.0,parabolic,1e-05,0.5,smaller
rch_recharge_514tcn,relative,0.01,0.0,switch,2.0,parabolic,1e-05,0.5,smaller
rch_recharge_515tcn,relative,0.01,0.0,switch,2.0,parabolic,1e-05,0.5,smaller
rch_recharge_516tcn,relative,0.01,0.0,switch,2.0,parabolic,1e-05,0.5,smaller
rch_recharge_517tcn,relative,0.01,0.0,switch,2.0,parabolic,1e-05,0.5,smaller
rch_recharge_518tcn,relative,0.01,0.0,switch,2.0,parabolic,1e-05,0.5,smaller
rch_recharge_458tcn,relative,0.01,0.0,switch,2.0,parabolic,1e-05,0.5,smaller
rch_recharge_520tcn,relative,0.01,0.0,switch,2.0,parabolic,1e-05,0.5,smaller
rch_recharge_521tcn,relative,0.01,0.0,switch,2.0,parabolic,1e-05,0.5,smaller
rch_recharge_522tcn,relative,0.01,0.0,switch,2.0,parabolic,1e-05,0.5,smaller
rch_recharge_523tcn,relative,0.01,0.0,switch,2.0,parabolic,1e-05,0.5,smaller
rch_recharge_524tcn,relative,0.01,0.0,switch,2.0,parabolic,1e-05,0.5,smaller
rch_recharge_525tcn,relative,0.01,0.0,switch,2.0,parabolic,1e-05,0.5,smaller
rch_recharge_459tcn,relative,0.01,0.0,switch,2.0,parabolic,1e-05,0.5,smaller
rch_recharge_442tcn,relative,0.01,0.0,switch,2.0,parabolic,1e-05,0.5,smaller
rch_recharge_457tcn,relative,0.01,0.0,switch,2.0,parabolic,1e-05,0.5,smaller
rch_recharge_399tcn,relative,0.01,0.0,switch,2.0,parabolic,1e-05,0.5,smaller
rch_recharge_390tcn,relative,0.01,0.0,switch,2.0,parabolic,1e-05,0.5,smaller
rch_recharge_391tcn,relative,0.01,0.0,switch,2.0,parabolic,1e-05,0.5,smaller
rch_recharge_392tcn,relative,0.01,0.0,switch,2.0,parabolic,1e-05,0.5,smaller
rch_recharge_393tcn,relative,0.01,0.0,switch,2.0,parabolic,1e-05,0.5,smaller
rch_recharge_394tcn,relative,0.01,0.0,switch,2.0,parabolic,1e-05,0.5,smaller
rch_recharge_395tcn,relative,0.01,0.0,switch,2.0,parabolic,1e-05,0.5,smaller
rch_recharge_396tcn,relative,0.01,0.0,switch,2.0,parabolic,1e-05,0.5,smaller
rch_recharge_397tcn,relative,0.01,0.0,switch,2.0,parabolic,1e-05,0.5,smaller
rch_recharge_398tcn,relative,0.01,0.0,switch,2.0,parabolic,1e-05,0.5,smaller
rch_recharge_400tcn,relative,0.01,0.0,switch,2.0,parabolic,1e-05,0.5,smaller
rch_recharge_456tcn,relative,0.01,0.0,switch,2.0,parabolic,1e-05,0.5,smaller
rch_recharge_401tcn,relative,0.01,0.0,switch,2.0,parabolic,1e-05,0.5,smaller
rch_recharge_402tcn,relative,0.01,0.0,switch,2.0,parabolic,1e-05,0.5,smaller
rch_recharge_403tcn,relative,0.01,0.0,switch,2.0,parabolic,1e-05,0.5,smaller
rch_recharge_404tcn,relative,0.01,0.0,switch,2.0,parabolic,1e-05,0.5,smaller
rch_recharge_405tcn,relative,0.01,0.0,switch,2.0,parabolic,1e-05,0.5,smaller
rch_recharge_406tcn,relative,0.01,0.0,switch,2.0,parabolic,1e-05,0.5,smaller
rch_recharge_407tcn,relative,0.01,0.0,switch,2.0,parabolic,1e-05,0.5,smaller
rch_recharge_408tcn,relative,0.01,0.0,switch,2.0,parabolic,1e-05,0.5,smaller
rch_recharge_409tcn,relative,0.01,0.0,switch,2.0,parabolic,1e-05,0.5,smaller
rch_recharge_389tcn,relative,0.01,0.0,switch,2.0,parabolic,1e-05,0.5,smaller
rch_recharge_388tcn,relative,0.01,0.0,switch,2.0,parabolic,1e-05,0.5,smaller
rch_recharge_387tcn,relative,0.01,0.0,switch,2.0,parabolic,1e-05,0.5,smaller
rch_recharge_386tcn,relative,0.01,0.0,switch,2.0,parabolic,1e-05,0.5,smaller
rch_recharge_367tcn,relative,0.01,0.0,switch,2.0,parabolic,1e-05,0.5,smaller
rch_recharge_368tcn,relative,0.01,0.0,switch,2.0,parabolic,1e-05,0.5,smaller
rch_recharge_369tcn,relative,0.01,0.0,switch,2.0,parabolic,1e-05,0.5,smaller
rch_recharge_370tcn,relative,0.01,0.0,switch,2.0,parabolic,1e-05,0.5,smaller
rch_recharge_371tcn,relative,0.01,0.0,switch,2.0,parabolic,1e-05,0.5,smaller
rch_recharge_372tcn,relative,0.01,0.0,switch,2.0,parabolic,1e-05,0.5,smaller
rch_recharge_373tcn,relative,0.01,0.0,switch,2.0,parabolic,1e-05,0.5,smaller
rch_recharge_374tcn,relative,0.01,0.0,switch,2.0,parabolic,1e-05,0.5,smaller
rch_recharge_375tcn,relative,0.01,0.0,switch,2.0,parabolic,1e-05,0.5,smaller
rch_recharge_376tcn,relative,0.01,0.0,switch,2.0,parabolic,1e-05,0.5,smaller
rch_recharge_377tcn,relative,0.01,0.0,switch,2.0,parabolic,1e-05,0.5,smaller
rch_recharge_378tcn,relative,0.01,0.0,switch,2.0,parabolic,1e-05,0.5,smaller
rch_recharge_379tcn,relative,0.01,0.0,switch,2.0,parabolic,1e-05,0.5,smaller
rch_recharge_380tcn,relative,0.01,0.0,switch,2.0,parabolic,1e-05,0.5,smaller
rch_recharge_381tcn,relative,0.01,0.0,switch,2.0,parabolic,1e-05,0.5,smaller
rch_recharge_382tcn,relative,0.01,0.0,switch,2.0,parabolic,1e-05,0.5,smaller
rch_recharge_383tcn,relative,0.01,0.0,switch,2.0,parabolic,1e-05,0.5,smaller
rch_recharge_384tcn,relative,0.01,0.0,switch,2.0,parabolic,1e-05,0.5,smaller
rch_recharge_385tcn,relative,0.01,0.0,switch,2.0,parabolic,1e-05,0.5,smaller
rch_recharge_410tcn,relative,0.01,0.0,switch,2.0,parabolic,1e-05,0.5,smaller
rch_recharge_411tcn,relative,0.01,0.0,switch,2.0,parabolic,1e-05,0.5,smaller
rch_recharge_412tcn,relative,0.01,0.0,switch,2.0,parabolic,1e-05,0.5,smaller
rch_recharge_435tcn,relative,0.01,0.0,switch,2.0,parabolic,1e-05,0.5,smaller
rch_recharge_437tcn,relative,0.01,0.0,switch,2.0,parabolic,1e-05,0.5,smaller
rch_recharge_438tcn,relative,0.01,0.0,switch,2.0,parabolic,1e-05,0.5,smaller
rch_recharge_439tcn,relative,0.01,0.0,switch,2.0,parabolic,1e-05,0.5,smaller
rch_recharge_440tcn,relative,0.01,0.0,switch,2.0,parabolic,1e-05,0.5,smaller
rch_recharge_441tcn,relative,0.01,0.0,switch,2.0,parabolic,1e-05,0.5,smaller
rch_recharge_550tcn,relative,0.01,0.0,switch,2.0,parabolic,1e-05,0.5,smaller
rch_recharge_443tcn,relative,0.01,0.0,switch,2.0,parabolic,1e-05,0.5,smaller
rch_recharge_444tcn,relative,0.01,0.0,switch,2.0,parabolic,1e-05,0.5,smaller
rch_recharge_445tcn,relative,0.01,0.0,switch,2.0,parabolic,1e-05,0.5,smaller
rch_recharge_446tcn,relative,0.01,0.0,switch,2.0,parabolic,1e-05,0.5,smaller
rch_recharge_447tcn,relative,0.01,0.0,switch,2.0,parabolic,1e-05,0.5,smaller
rch_recharge_448tcn,relative,0.01,0.0,switch,2.0,parabolic,1e-05,0.5,smaller
rch_recharge_449tcn,relative,0.01,0.0,switch,2.0,parabolic,1e-05,0.5,smaller
rch_recharge_450tcn,relative,0.01,0.0,switch,2.0,parabolic,1e-05,0.5,smaller
rch_recharge_451tcn,relative,0.01,0.0,switch,2.0,parabolic,1e-05,0.5,smaller
rch_recharge_452tcn,relative,0.01,0.0,switch,2.0,parabolic,1e-05,0.5,smaller
rch_recharge_453tcn,relative,0.01,0.0,switch,2.0,parabolic,1e-05,0.5,smaller
rch_recharge_454tcn,relative,0.01,0.0,switch,2.0,parabolic,1e-05,0.5,smaller
rch_recharge_455tcn,relative,0.01,0.0,switch,2.0,parabolic,1e-05,0.5,smaller
rch_recharge_436tcn,relative,0.01,0.0,switch,2.0,parabolic,1e-05,0.5,smaller
rch_recharge_434tcn,relative,0.01,0.0,switch,2.0,parabolic,1e-05,0.5,smaller
rch_recharge_413tcn,relative,0.01,0.0,switch,2.0,parabolic,1e-05,0.5,smaller
rch_recharge_433tcn,relative,0.01,0.0,switch,2.0,parabolic,1e-05,0.5,smaller
rch_recharge_414tcn,relative,0.01,0.0,switch,2.0,parabolic,1e-05,0.5,smaller
rch_recharge_415tcn,relative,0.01,0.0,switch,2.0,parabolic,1e-05,0.5,smaller
rch_recharge_416tcn,relative,0.01,0.0,switch,2.0,parabolic,1e-05,0.5,smaller
rch_recharge_417tcn,relative,0.01,0.0,switch,2.0,parabolic,1e-05,0.5,smaller
rch_recharge_418tcn,relative,0.01,0.0,switch,2.0,parabolic,1e-05,0.5,smaller
rch_recharge_419tcn,relative,0.01,0.0,switch,2.0,parabolic,1e-05,0.5,smaller
rch_recharge_420tcn,relative,0.01,0.0,switch,2.0,parabolic,1e-05,0.5,smaller
rch_recharge_421tcn,relative,0.01,0.0,switch,2.0,parabolic,1e-05,0.5,smaller
rch_recharge_422tcn,relative,0.01,0.0,switch,2.0,parabolic,1e-05,0.5,smaller
rch_recharge_423tcn,relative,0.01,0.0,switch,2.0,parabolic,1e-05,0.5,smaller
rch_recharge_424tcn,relative,0.01,0.0,switch,2.0,parabolic,1e-05,0.5,smaller
rch_recharge_425tcn,relative,0.01,0.0,switch,2.0,parabolic,1e-05,0.5,smaller
rch_recharge_426tcn,relative,0.01,0.0,switch,2.0,parabolic,1e-05,0.5,smaller
rch_recharge_427tcn,relative,0.01,0.0,switch,2.0,parabolic,1e-05,0.5,smaller
rch_recharge_428tcn,relative,0.01,0.0,switch,2.0,parabolic,1e-05,0.5,smaller
rch_recharge_429tcn,relative,0.01,0.0,switch,2.0,parabolic,1e-05,0.5,smaller
rch_recharge_430tcn,relative,0.01,0.0,switch,2.0,parabolic,1e-05,0.5,smaller
rch_recharge_431tcn,relative,0.01,0.0,switch,2.0,parabolic,1e-05,0.5,smaller
rch_recharge_432tcn,relative,0.01,0.0,switch,2.0,parabolic,1e-05,0.5,smaller
rch_recharge_549tcn,relative,0.01,0.0,switch,2.0,parabolic,1e-05,0.5,smaller
rch_recharge_565tcn,relative,0.01,0.0,switch,2.0,parabolic,1e-05,0.5,smaller
rch_recharge_551tcn,relative,0.01,0.0,switch,2.0,parabolic,1e-05,0.5,smaller
rch_recharge_678tcn,relative,0.01,0.0,switch,2.0,parabolic,1e-05,0.5,smaller
rch_recharge_669tcn,relative,0.01,0.0,switch,2.0,parabolic,1e-05,0.5,smaller
rch_recharge_670tcn,relative,0.01,0.0,switch,2.0,parabolic,1e-05,0.5,smaller
rch_recharge_671tcn,relative,0.01,0.0,switch,2.0,parabolic,1e-05,0.5,smaller
rch_recharge_672tcn,relative,0.01,0.0,switch,2.0,parabolic,1e-05,0.5,smaller
rch_recharge_673tcn,relative,0.01,0.0,switch,2.0,parabolic,1e-05,0.5,smaller
rch_recharge_674tcn,relative,0.01,0.0,switch,2.0,parabolic,1e-05,0.5,smaller
rch_recharge_675tcn,relative,0.01,0.0,switch,2.0,parabolic,1e-05,0.5,smaller
rch_recharge_676tcn,relative,0.01,0.0,switch,2.0,parabolic,1e-05,0.5,smaller
rch_recharge_677tcn,relative,0.01,0.0,switch,2.0,parabolic,1e-05,0.5,smaller
rch_recharge_679tcn,relative,0.01,0.0,switch,2.0,parabolic,1e-05,0.5,smaller
rch_recharge_644tcn,relative,0.01,0.0,switch,2.0,parabolic,1e-05,0.5,smaller
rch_recharge_680tcn,relative,0.01,0.0,switch,2.0,parabolic,1e-05,0.5,smaller
rch_recharge_681tcn,relative,0.01,0.0,switch,2.0,parabolic,1e-05,0.5,smaller
rch_recharge_682tcn,relative,0.01,0.0,switch,2.0,parabolic,1e-05,0.5,smaller
rch_recharge_683tcn,relative,0.01,0.0,switch,2.0,parabolic,1e-05,0.5,smaller
rch_recharge_684tcn,relative,0.01,0.0,switch,2.0,parabolic,1e-05,0.5,smaller
rch_recharge_685tcn,relative,0.01,0.0,switch,2.0,parabolic,1e-05,0.5,smaller
rch_recharge_686tcn,relative,0.01,0.0,switch,2.0,parabolic,1e-05,0.5,smaller
rch_recharge_687tcn,relative,0.01,0.0,switch,2.0,parabolic,1e-05,0.5,smaller
rch_recharge_688tcn,relative,0.01,0.0,switch,2.0,parabolic,1e-05,0.5,smaller
rch_recharge_668tcn,relative,0.01,0.0,switch,2.0,parabolic,1e-05,0.5,smaller
rch_recharge_667tcn,relative,0.01,0.0,switch,2.0,parabolic,1e-05,0.5,smaller
rch_recharge_666tcn,relative,0.01,0.0,switch,2.0,parabolic,1e-05,0.5,smaller
rch_recharge_665tcn,relative,0.01,0.0,switch,2.0,parabolic,1e-05,0.5,smaller
rch_recharge_646tcn,relative,0.01,0.0,switch,2.0,parabolic,1e-05,0.5,smaller
rch_recharge_647tcn,relative,0.01,0.0,switch,2.0,parabolic,1e-05,0.5,smaller
rch_recharge_648tcn,relative,0.01,0.0,switch,2.0,parabolic,1e-05,0.5,smaller
rch_recharge_649tcn,relative,0.01,0.0,switch,2.0,parabolic,1e-05,0.5,smaller
rch_recharge_650tcn,relative,0.01,0.0,switch,2.0,parabolic,1e-05,0.5,smaller
rch_recharge_651tcn,relative,0.01,0.0,switch,2.0,parabolic,1e-05,0.5,smaller
rch_recharge_652tcn,relative,0.01,0.0,switch,2.0,parabolic,1e-05,0.5,smaller
rch_recharge_653tcn,relative,0.01,0.0,switch,2.0,parabolic,1e-05,0.5,smaller
rch_recharge_654tcn,relative,0.01,0.0,switch,2.0,parabolic,1e-05,0.5,smaller
rch_recharge_655tcn,relative,0.01,0.0,switch,2.0,parabolic,1e-05,0.5,smaller
rch_recharge_656tcn,relative,0.01,0.0,switch,2.0,parabolic,1e-05,0.5,smaller
rch_recharge_657tcn,relative,0.01,0.0,switch,2.0,parabolic,1e-05,0.5,smaller
rch_recharge_658tcn,relative,0.01,0.0,switch,2.0,parabolic,1e-05,0.5,smaller
rch_recharge_659tcn,relative,0.01,0.0,switch,2.0,parabolic,1e-05,0.5,smaller
rch_recharge_660tcn,relative,0.01,0.0,switch,2.0,parabolic,1e-05,0.5,smaller
rch_recharge_661tcn,relative,0.01,0.0,switch,2.0,parabolic,1e-05,0.5,smaller
rch_recharge_662tcn,relative,0.01,0.0,switch,2.0,parabolic,1e-05,0.5,smaller
rch_recharge_663tcn,relative,0.01,0.0,switch,2.0,parabolic,1e-05,0.5,smaller
rch_recharge_664tcn,relative,0.01,0.0,switch,2.0,parabolic,1e-05,0.5,smaller
rch_recharge_689tcn,relative,0.01,0.0,switch,2.0,parabolic,1e-05,0.5,smaller
rch_recharge_690tcn,relative,0.01,0.0,switch,2.0,parabolic,1e-05,0.5,smaller
rch_recharge_691tcn,relative,0.01,0.0,switch,2.0,parabolic,1e-05,0.5,smaller
rch_recharge_714tcn,relative,0.01,0.0,switch,2.0,parabolic,1e-05,0.5,smaller
rch_recharge_716tcn,relative,0.01,0.0,switch,2.0,parabolic,1e-05,0.5,smaller
rch_recharge_717tcn,relative,0.01,0.0,switch,2.0,parabolic,1e-05,0.5,smaller
rch_recharge_718tcn,relative,0.01,0.0,switch,2.0,parabolic,1e-05,0.5,smaller
rch_recharge_719tcn,relative,0.01,0.0,switch,2.0,parabolic,1e-05,0.5,smaller
rch_recharge_720tcn,relative,0.01,0.0,switch,2.0,parabolic,1e-05,0.5,smaller
rch_recharge_721tcn,relative,0.01,0.0,switch,2.0,parabolic,1e-05,0.5,smaller
rch_recharge_722tcn,relative,0.01,0.0,switch,2.0,parabolic,1e-05,0.5,smaller
rch_recharge_723tcn,relative,0.01,0.0,switch,2.0,parabolic,1e-05,0.5,smaller
rch_recharge_724tcn,relative,0.01,0.0,switch,2.0,parabolic,1e-05,0.5,smaller
rch_recharge_725tcn,relative,0.01,0.0,switch,2.0,parabolic,1e-05,0.5,smaller
rch_recharge_726tcn,relative,0.01,0.0,switch,2.0,parabolic,1e-05,0.5,smaller
rch_recharge_727tcn,relative,0.01,0.0,switch,2.0,parabolic,1e-05,0.5,smaller
rch_recharge_728tcn,relative,0.01,0.0,switch,2.0,parabolic,1e-05,0.5,smaller
rch_recharge_729tcn,relative,0.01,0.0,switch,2.0,parabolic,1e-05,0.5,smaller
rch_recharge_730tcn,relative,0.01,0.0,switch,2.0,parabolic,1e-05,0.5,smaller
rch_recharge_731tcn,relative,0.01,0.0,switch,2.0,parabolic,1e-05,0.5,smaller
ghbcondcn,relative,0.01,0.0,switch,2.0,parabolic,1e-05,0.5,smaller
ghbheadcn,absolute,0.01,0.0,switch,2.0,parabolic,1e-05,0.5,smaller
sfrcondcn,relative,0.01,0.0,switch,2.0,parabolic,1e-05,0.5,smaller
rch_recharge_715tcn,relative,0.01,0.0,switch,2.0,parabolic,1e-05,0.5,smaller
rch_recharge_713tcn,relative,0.01,0.0,switch,2.0,parabolic,1e-05,0.5,smaller
rch_recharge_692tcn,relative,0.01,0.0,switch,2.0,parabolic,1e-05,0.5,smaller
rch_recharge_712tcn,relative,0.01,0.0,switch,2.0,parabolic,1e-05,0.5,smaller
rch_recharge_693tcn,relative,0.01,0.0,switch,2.0,parabolic,1e-05,0.5,smaller
rch_recharge_694tcn,relative,0.01,0.0,switch,2.0,parabolic,1e-05,0.5,smaller
rch_recharge_695tcn,relative,0.01,0.0,switch,2.0,parabolic,1e-05,0.5,smaller
rch_recharge_696tcn,relative,0.01,0.0,switch,2.0,parabolic,1e-05,0.5,smaller
rch_recharge_697tcn,relative,0.01,0.0,switch,2.0,parabolic,1e-05,0.5,smaller
rch_recharge_698tcn,relative,0.01,0.0,switch,2.0,parabolic,1e-05,0.5,smaller
rch_recharge_699tcn,relative,0.01,0.0,switch,2.0,parabolic,1e-05,0.5,smaller
rch_recharge_700tcn,relative,0.01,0.0,switch,2.0,parabolic,1e-05,0.5,smaller
rch_recharge_701tcn,relative,0.01,0.0,switch,2.0,parabolic,1e-05,0.5,smaller
rch_recharge_702tcn,relative,0.01,0.0,switch,2.0,parabolic,1e-05,0.5,smaller
rch_recharge_703tcn,relative,0.01,0.0,switch,2.0,parabolic,1e-05,0.5,smaller
rch_recharge_704tcn,relative,0.01,0.0,switch,2.0,parabolic,1e-05,0.5,smaller
rch_recharge_705tcn,relative,0.01,0.0,switch,2.0,parabolic,1e-05,0.5,smaller
rch_recharge_706tcn,relative,0.01,0.0,switch,2.0,parabolic,1e-05,0.5,smaller
rch_recharge_707tcn,relative,0.01,0.0,switch,2.0,parabolic,1e-05,0.5,smaller
rch_recharge_708tcn,relative,0.01,0.0,switch,2.0,parabolic,1e-05,0.5,smaller
rch_recharge_709tcn,relative,0.01,0.0,switch,2.0,parabolic,1e-05,0.5,smaller
rch_recharge_710tcn,relative,0.01,0.0,switch,2.0,parabolic,1e-05,0.5,smaller
rch_recharge_711tcn,relative,0.01,0.0,switch,2.0,parabolic,1e-05,0.5,smaller
rch_recharge_645tcn,relative,0.01,0.0,switch,2.0,parabolic,1e-05,0.5,smaller
rch_recharge_643tcn,relative,0.01,0.0,switch,2.0,parabolic,1e-05,0.5,smaller
rch_recharge_552tcn,relative,0.01,0.0,switch,2.0,parabolic,1e-05,0.5,smaller
rch_recharge_585tcn,relative,0.01,0.0,switch,2.0,parabolic,1e-05,0.5,smaller
rch_recharge_576tcn,relative,0.01,0.0,switch,2.0,parabolic,1e-05,0.5,smaller
rch_recharge_577tcn,relative,0.01,0.0,switch,2.0,parabolic,1e-05,0.5,smaller
rch_recharge_578tcn,relative,0.01,0.0,switch,2.0,parabolic,1e-05,0.5,smaller
rch_recharge_579tcn,relative,0.01,0.0,switch,2.0,parabolic,1e-05,0.5,smaller
rch_recharge_580tcn,relative,0.01,0.0,switch,2.0,parabolic,1e-05,0.5,smaller
rch_recharge_581tcn,relative,0.01,0.0,switch,2.0,parabolic,1e-05,0.5,smaller
rch_recharge_582tcn,relative,0.01,0.0,switch,2.0,parabolic,1e-05,0.5,smaller
rch_recharge_583tcn,relative,0.01,0.0,switch,2.0,parabolic,1e-05,0.5,smaller
rch_recharge_584tcn,relative,0.01,0.0,switch,2.0,parabolic,1e-05,0.5,smaller
rch_recharge_586tcn,relative,0.01,0.0,switch,2.0,parabolic,1e-05,0.5,smaller
rch_recharge_642tcn,relative,0.01,0.0,switch,2.0,parabolic,1e-05,0.5,smaller
rch_recharge_587tcn,relative,0.01,0.0,switch,2.0,parabolic,1e-05,0.5,smaller
rch_recharge_588tcn,relative,0.01,0.0,switch,2.0,parabolic,1e-05,0.5,smaller
rch_recharge_589tcn,relative,0.01,0.0,switch,2.0,parabolic,1e-05,0.5,smaller
rch_recharge_590tcn,relative,0.01,0.0,switch,2.0,parabolic,1e-05,0.5,smaller
rch_recharge_591tcn,relative,0.01,0.0,switch,2.0,parabolic,1e-05,0.5,smaller
rch_recharge_592tcn,relative,0.01,0.0,switch,2.0,parabolic,1e-05,0.5,smaller
rch_recharge_593tcn,relative,0.01,0.0,switch,2.0,parabolic,1e-05,0.5,smaller
rch_recharge_594tcn,relative,0.01,0.0,switch,2.0,parabolic,1e-05,0.5,smaller
rch_recharge_595tcn,relative,0.01,0.0,switch,2.0,parabolic,1e-05,0.5,smaller
rch_recharge_575tcn,relative,0.01,0.0,switch,2.0,parabolic,1e-05,0.5,smaller
rch_recharge_574tcn,relative,0.01,0.0,switch,2.0,parabolic,1e-05,0.5,smaller
rch_recharge_573tcn,relative,0.01,0.0,switch,2.0,parabolic,1e-05,0.5,smaller
rch_recharge_572tcn,relative,0.01,0.0,switch,2.0,parabolic,1e-05,0.5,smaller
rch_recharge_553tcn,relative,0.01,0.0,switch,2.0,parabolic,1e-05,0.5,smaller
rch_recharge_554tcn,relative,0.01,0.0,switch,2.0,parabolic,1e-05,0.5,smaller
rch_recharge_555tcn,relative,0.01,0.0,switch,2.0,parabolic,1e-05,0.5,smaller
rch_recharge_556tcn,relative,0.01,0.0,switch,2.0,parabolic,1e-05,0.5,smaller
rch_recharge_557tcn,relative,0.01,0.0,switch,2.0,parabolic,1e-05,0.5,smaller
rch_recharge_558tcn,relative,0.01,0.0,switch,2.0,parabolic,1e-05,0.5,smaller
rch_recharge_559tcn,relative,0.01,0.0,switch,2.0,parabolic,1e-05,0.5,smaller
rch_recharge_560tcn,relative,0.01,0.0,switch,2.0,parabolic,1e-05,0.5,smaller
rch_recharge_561tcn,relative,0.01,0.0,switch,2.0,parabolic,1e-05,0.5,smaller
rch_recharge_562tcn,relative,0.01,0.0,switch,2.0,parabolic,1e-05,0.5,smaller
rch_recharge_563tcn,relative,0.01,0.0,switch,2.0,parabolic,1e-05,0.5,smaller
rch_recharge_564tcn,relative,0.01,0.0,switch,2.0,parabolic,1e-05,0.5,smaller
rch_recharge_365tcn,relative,0.01,0.0,switch,2.0,parabolic,1e-05,0.5,smaller
rch_recharge_566tcn,relative,0.01,0.0,switch,2.0,parabolic,1e-05,0.5,smaller
rch_recharge_567tcn,relative,0.01,0.0,switch,2.0,parabolic,1e-05,0.5,smaller
rch_recharge_568tcn,relative,0.01,0.0,switch,2.0,parabolic,1e-05,0.5,smaller
rch_recharge_569tcn,relative,0.01,0.0,switch,2.0,parabolic,1e-05,0.5,smaller
rch_recharge_570tcn,relative,0.01,0.0,switch,2.0,parabolic,1e-05,0.5,smaller
rch_recharge_571tcn,relative,0.01,0.0,switch,2.0,parabolic,1e-05,0.5,smaller
rch_recharge_596tcn,relative,0.01,0.0,switch,2.0,parabolic,1e-05,0.5,smaller
rch_recharge_597tcn,relative,0.01,0.0,switch,2.0,parabolic,1e-05,0.5,smaller
rch_recharge_598tcn,relative,0.01,0.0,switch,2.0,parabolic,1e-05,0.5,smaller
rch_recharge_621tcn,relative,0.01,0.0,switch,2.0,parabolic,1e-05,0.5,smaller
rch_recharge_623tcn,relative,0.01,0.0,switch,2.0,parabolic,1e-05,0.5,smaller
rch_recharge_624tcn,relative,0.01,0.0,switch,2.0,parabolic,1e-05,0.5,smaller
rch_recharge_625tcn,relative,0.01,0.0,switch,2.0,parabolic,1e-05,0.5,smaller
rch_recharge_626tcn,relative,0.01,0.0,switch,2.0,parabolic,1e-05,0.5,smaller
rch_recharge_627tcn,relative,0.01,0.0,switch,2.0,parabolic,1e-05,0.5,smaller
rch_recharge_628tcn,relative,0.01,0.0,switch,2.0,parabolic,1e-05,0.5,smaller
rch_recharge_629tcn,relative,0.01,0.0,switch,2.0,parabolic,1e-05,0.5,smaller
rch_recharge_630tcn,relative,0.01,0.0,switch,2.0,parabolic,1e-05,0.5,smaller
rch_recharge_631tcn,relative,0.01,0.0,switch,2.0,parabolic,1e-05,0.5,smaller
rch_recharge_632tcn,relative,0.01,0.0,switch,2.0,parabolic,1e-05,0.5,smaller
rch_recharge_633tcn,relative,0.01,0.0,switch,2.0,parabolic,1e-05,0.5,smaller
rch_recharge_634tcn,relative,0.01,0.0,switch,2.0,parabolic,1e-05,0.5,smaller
rch_recharge_635tcn,relative,0.01,0.0,switch,2.0,parabolic,1e-05,0.5,smaller
rch_recharge_636tcn,relative,0.01,0.0,switch,2.0,parabolic,1e-05,0.5,smaller
rch_recharge_637tcn,relative,0.01,0.0,switch,2.0,parabolic,1e-05,0.5,smaller
rch_recharge_638tcn,relative,0.01,0.0,switch,2.0,parabolic,1e-05,0.5,smaller
rch_recharge_639tcn,relative,0.01,0.0,switch,2.0,parabolic,1e-05,0.5,smaller
rch_recharge_640tcn,relative,0.01,0.0,switch,2.0,parabolic,1e-05,0.5,smaller
rch_recharge_641tcn,relative,0.01,0.0,switch,2.0,parabolic,1e-05,0.5,smaller
rch_recharge_622tcn,relative,0.01,0.0,switch,2.0,parabolic,1e-05,0.5,smaller
rch_recharge_620tcn,relative,0.01,0.0,switch,2.0,parabolic,1e-05,0.5,smaller
rch_recharge_599tcn,relative,0.01,0.0,switch,2.0,parabolic,1e-05,0.5,smaller
rch_recharge_619tcn,relative,0.01,0.0,switch,2.0,parabolic,1e-05,0.5,smaller
rch_recharge_600tcn,relative,0.01,0.0,switch,2.0,parabolic,1e-05,0.5,smaller
rch_recharge_601tcn,relative,0.01,0.0,switch,2.0,parabolic,1e-05,0.5,smaller
rch_recharge_602tcn,relative,0.01,0.0,switch,2.0,parabolic,1e-05,0.5,smaller
rch_recharge_603tcn,relative,0.01,0.0,switch,2.0,parabolic,1e-05,0.5,smaller
rch_recharge_604tcn,relative,0.01,0.0,switch,2.0,parabolic,1e-05,0.5,smaller
rch_recharge_605tcn,relative,0.01,0.0,switch,2.0,parabolic,1e-05,0.5,smaller
rch_recharge_606tcn,relative,0.01,0.0,switch,2.0,parabolic,1e-05,0.5,smaller
rch_recharge_607tcn,relative,0.01,0.0,switch,2.0,parabolic,1e-05,0.5,smaller
rch_recharge_608tcn,relative,0.01,0.0,switch,2.0,parabolic,1e-05,0.5,smaller
rch_recharge_609tcn,relative,0.01,0.0,switch,2.0,parabolic,1e-05,0.5,smaller
rch_recharge_610tcn,relative,0.01,0.0,switch,2.0,parabolic,1e-05,0.5,smaller
rch_recharge_611tcn,relative,0.01,0.0,switch,2.0,parabolic,1e-05,0.5,smaller
rch_recharge_612tcn,relative,0.01,0.0,switch,2.0,parabolic,1e-05,0.5,smaller
rch_recharge_613tcn,relative,0.01,0.0,switch,2.0,parabolic,1e-05,0.5,smaller
rch_recharge_614tcn,relative,0.01,0.0,switch,2.0,parabolic,1e-05,0.5,smaller
rch_recharge_615tcn,relative,0.01,0.0,switch,2.0,parabolic,1e-05,0.5,smaller
rch_recharge_616tcn,relative,0.01,0.0,switch,2.0,parabolic,1e-05,0.5,smaller
rch_recharge_617tcn,relative,0.01,0.0,switch,2.0,parabolic,1e-05,0.5,smaller
rch_recharge_618tcn,relative,0.01,0.0,switch,2.0,parabolic,1e-05,0.5,smaller
rch_recharge_366tcn,relative,0.01,0.0,switch,2.0,parabolic,1e-05,0.5,smaller
rch_recharge_352tcn,relative,0.01,0.0,switch,2.0,parabolic,1e-05,0.5,smaller
rch_recharge_364tcn,relative,0.01,0.0,switch,2.0,parabolic,1e-05,0.5,smaller
rch_recharge_116tcn,relative,0.01,0.0,switch,2.0,parabolic,1e-05,0.5,smaller
rch_recharge_107tcn,relative,0.01,0.0,switch,2.0,parabolic,1e-05,0.5,smaller
rch_recharge_108tcn,relative,0.01,0.0,switch,2.0,parabolic,1e-05,0.5,smaller
rch_recharge_109tcn,relative,0.01,0.0,switch,2.0,parabolic,1e-05,0.5,smaller
rch_recharge_110tcn,relative,0.01,0.0,switch,2.0,parabolic,1e-05,0.5,smaller
rch_recharge_111tcn,relative,0.01,0.0,switch,2.0,parabolic,1e-05,0.5,smaller
rch_recharge_112tcn,relative,0.01,0.0,switch,2.0,parabolic,1e-05,0.5,smaller
rch_recharge_113tcn,relative,0.01,0.0,switch,2.0,parabolic,1e-05,0.5,smaller
rch_recharge_114tcn,relative,0.01,0.0,switch,2.0,parabolic,1e-05,0.5,smaller
rch_recharge_115tcn,relative,0.01,0.0,switch,2.0,parabolic,1e-05,0.5,smaller
rch_recharge_117tcn,relative,0.01,0.0,switch,2.0,parabolic,1e-05,0.5,smaller
rch_recharge_105tcn,relative,0.01,0.0,switch,2.0,parabolic,1e-05,0.5,smaller
rch_recharge_118tcn,relative,0.01,0.0,switch,2.0,parabolic,1e-05,0.5,smaller
rch_recharge_119tcn,relative,0.01,0.0,switch,2.0,parabolic,1e-05,0.5,smaller
rch_recharge_120tcn,relative,0.01,0.0,switch,2.0,parabolic,1e-05,0.5,smaller
rch_recharge_121tcn,relative,0.01,0.0,switch,2.0,parabolic,1e-05,0.5,smaller
rch_recharge_122tcn,relative,0.01,0.0,switch,2.0,parabolic,1e-05,0.5,smaller
rch_recharge_123tcn,relative,0.01,0.0,switch,2.0,parabolic,1e-05,0.5,smaller
rch_recharge_124tcn,relative,0.01,0.0,switch,2.0,parabolic,1e-05,0.5,smaller
rch_recharge_125tcn,relative,0.01,0.0,switch,2.0,parabolic,1e-05,0.5,smaller
rch_recharge_126tcn,relative,0.01,0.0,switch,2.0,parabolic,1e-05,0.5,smaller
rch_recharge_106tcn,relative,0.01,0.0,switch,2.0,parabolic,1e-05,0.5,smaller
rch_recharge_104tcn,relative,0.01,0.0,switch,2.0,parabolic,1e-05,0.5,smaller
rch_recharge_363tcn,relative,0.01,0.0,switch,2.0,parabolic,1e-05,0.5,smaller
rch_recharge_92tcn,relative,0.01,0.0,switch,2.0,parabolic,1e-05,0.5,smaller
rch_recharge_83tcn,relative,0.01,0.0,switch,2.0,parabolic,1e-05,0.5,smaller
rch_recharge_84tcn,relative,0.01,0.0,switch,2.0,parabolic,1e-05,0.5,smaller
rch_recharge_85tcn,relative,0.01,0.0,switch,2.0,parabolic,1e-05,0.5,smaller
rch_recharge_86tcn,relative,0.01,0.0,switch,2.0,parabolic,1e-05,0.5,smaller
rch_recharge_87tcn,relative,0.01,0.0,switch,2.0,parabolic,1e-05,0.5,smaller
rch_recharge_88tcn,relative,0.01,0.0,switch,2.0,parabolic,1e-05,0.5,smaller
rch_recharge_89tcn,relative,0.01,0.0,switch,2.0,parabolic,1e-05,0.5,smaller
rch_recharge_90tcn,relative,0.01,0.0,switch,2.0,parabolic,1e-05,0.5,smaller
rch_recharge_91tcn,relative,0.01,0.0,switch,2.0,parabolic,1e-05,0.5,smaller
rch_recharge_93tcn,relative,0.01,0.0,switch,2.0,parabolic,1e-05,0.5,smaller
rch_recharge_103tcn,relative,0.01,0.0,switch,2.0,parabolic,1e-05,0.5,smaller
rch_recharge_94tcn,relative,0.01,0.0,switch,2.0,parabolic,1e-05,0.5,smaller
rch_recharge_95tcn,relative,0.01,0.0,switch,2.0,parabolic,1e-05,0.5,smaller
rch_recharge_96tcn,relative,0.01,0.0,switch,2.0,parabolic,1e-05,0.5,smaller
rch_recharge_97tcn,relative,0.01,0.0,switch,2.0,parabolic,1e-05,0.5,smaller
rch_recharge_98tcn,relative,0.01,0.0,switch,2.0,parabolic,1e-05,0.5,smaller
rch_recharge_99tcn,relative,0.01,0.0,switch,2.0,parabolic,1e-05,0.5,smaller
rch_recharge_100tcn,relative,0.01,0.0,switch,2.0,parabolic,1e-05,0.5,smaller
rch_recharge_101tcn,relative,0.01,0.0,switch,2.0,parabolic,1e-05,0.5,smaller
rch_recharge_102tcn,relative,0.01,0.0,switch,2.0,parabolic,1e-05,0.5,smaller
rch_recharge_127tcn,relative,0.01,0.0,switch,2.0,parabolic,1e-05,0.5,smaller
rch_recharge_128tcn,relative,0.01,0.0,switch,2.0,parabolic,1e-05,0.5,smaller
rch_recharge_129tcn,relative,0.01,0.0,switch,2.0,parabolic,1e-05,0.5,smaller
rch_recharge_163tcn,relative,0.01,0.0,switch,2.0,parabolic,1e-05,0.5,smaller
rch_recharge_154tcn,relative,0.01,0.0,switch,2.0,parabolic,1e-05,0.5,smaller
rch_recharge_155tcn,relative,0.01,0.0,switch,2.0,parabolic,1e-05,0.5,smaller
rch_recharge_156tcn,relative,0.01,0.0,switch,2.0,parabolic,1e-05,0.5,smaller
rch_recharge_157tcn,relative,0.01,0.0,switch,2.0,parabolic,1e-05,0.5,smaller
rch_recharge_158tcn,relative,0.01,0.0,switch,2.0,parabolic,1e-05,0.5,smaller
rch_recharge_159tcn,relative,0.01,0.0,switch,2.0,parabolic,1e-05,0.5,smaller
rch_recharge_160tcn,relative,0.01,0.0,switch,2.0,parabolic,1e-05,0.5,smaller
rch_recharge_161tcn,relative,0.01,0.0,switch,2.0,parabolic,1e-05,0.5,smaller
rch_recharge_162tcn,relative,0.01,0.0,switch,2.0,parabolic,1e-05,0.5,smaller
rch_recharge_164tcn,relative,0.01,0.0,switch,2.0,parabolic,1e-05,0.5,smaller
rch_recharge_130tcn,relative,0.01,0.0,switch,2.0,parabolic,1e-05,0.5,smaller
rch_recharge_165tcn,relative,0.01,0.0,switch,2.0,parabolic,1e-05,0.5,smaller
rch_recharge_166tcn,relative,0.01,0.0,switch,2.0,parabolic,1e-05,0.5,smaller
rch_recharge_167tcn,relative,0.01,0.0,switch,2.0,parabolic,1e-05,0.5,smaller
rch_recharge_168tcn,relative,0.01,0.0,switch,2.0,parabolic,1e-05,0.5,smaller
rch_recharge_169tcn,relative,0.01,0.0,switch,2.0,parabolic,1e-05,0.5,smaller
rch_recharge_170tcn,relative,0.01,0.0,switch,2.0,parabolic,1e-05,0.5,smaller
rch_recharge_171tcn,relative,0.01,0.0,switch,2.0,parabolic,1e-05,0.5,smaller
rch_recharge_172tcn,relative,0.01,0.0,switch,2.0,parabolic,1e-05,0.5,smaller
rch_recharge_173tcn,relative,0.01,0.0,switch,2.0,parabolic,1e-05,0.5,smaller
rch_recharge_153tcn,relative,0.01,0.0,switch,2.0,parabolic,1e-05,0.5,smaller
rch_recharge_152tcn,relative,0.01,0.0,switch,2.0,parabolic,1e-05,0.5,smaller
rch_recharge_151tcn,relative,0.01,0.0,switch,2.0,parabolic,1e-05,0.5,smaller
rch_recharge_150tcn,relative,0.01,0.0,switch,2.0,parabolic,1e-05,0.5,smaller
rch_recharge_131tcn,relative,0.01,0.0,switch,2.0,parabolic,1e-05,0.5,smaller
rch_recharge_132tcn,relative,0.01,0.0,switch,2.0,parabolic,1e-05,0.5,smaller
rch_recharge_133tcn,relative,0.01,0.0,switch,2.0,parabolic,1e-05,0.5,smaller
rch_recharge_134tcn,relative,0.01,0.0,switch,2.0,parabolic,1e-05,0.5,smaller
rch_recharge_135tcn,relative,0.01,0.0,switch,2.0,parabolic,1e-05,0.5,smaller
rch_recharge_136tcn,relative,0.01,0.0,switch,2.0,parabolic,1e-05,0.5,smaller
rch_recharge_137tcn,relative,0.01,0.0,switch,2.0,parabolic,1e-05,0.5,smaller
rch_recharge_138tcn,relative,0.01,0.0,switch,2.0,parabolic,1e-05,0.5,smaller
rch_recharge_139tcn,relative,0.01,0.0,switch,2.0,parabolic,1e-05,0.5,smaller
rch_recharge_140tcn,relative,0.01,0.0,switch,2.0,parabolic,1e-05,0.5,smaller
rch_recharge_141tcn,relative,0.01,0.0,switch,2.0,parabolic,1e-05,0.5,smaller
rch_recharge_142tcn,relative,0.01,0.0,switch,2.0,parabolic,1e-05,0.5,smaller
rch_recharge_143tcn,relative,0.01,0.0,switch,2.0,parabolic,1e-05,0.5,smaller
rch_recharge_144tcn,relative,0.01,0.0,switch,2.0,parabolic,1e-05,0.5,smaller
rch_recharge_145tcn,relative,0.01,0.0,switch,2.0,parabolic,1e-05,0.5,smaller
rch_recharge_146tcn,relative,0.01,0.0,switch,2.0,parabolic,1e-05,0.5,smaller
rch_recharge_147tcn,relative,0.01,0.0,switch,2.0,parabolic,1e-05,0.5,smaller
rch_recharge_148tcn,relative,0.01,0.0,switch,2.0,parabolic,1e-05,0.5,smaller
rch_recharge_149tcn,relative,0.01,0.0,switch,2.0,parabolic,1e-05,0.5,smaller
rch_recharge_82tcn,relative,0.01,0.0,switch,2.0,parabolic,1e-05,0.5,smaller
rch_recharge_81tcn,relative,0.01,0.0,switch,2.0,parabolic,1e-05,0.5,smaller
rch_recharge_80tcn,relative,0.01,0.0,switch,2.0,parabolic,1e-05,0.5,smaller
rch_recharge_21tcn,relative,0.01,0.0,switch,2.0,parabolic,1e-05,0.5,smaller
rch_recharge_12tcn,relative,0.01,0.0,switch,2.0,parabolic,1e-05,0.5,smaller
rch_recharge_13tcn,relative,0.01,0.0,switch,2.0,parabolic,1e-05,0.5,smaller
rch_recharge_14tcn,relative,0.01,0.0,switch,2.0,parabolic,1e-05,0.5,smaller
rch_recharge_15tcn,relative,0.01,0.0,switch,2.0,parabolic,1e-05,0.5,smaller
rch_recharge_16tcn,relative,0.01,0.0,switch,2.0,parabolic,1e-05,0.5,smaller
rch_recharge_17tcn,relative,0.01,0.0,switch,2.0,parabolic,1e-05,0.5,smaller
rch_recharge_18tcn,relative,0.01,0.0,switch,2.0,parabolic,1e-05,0.5,smaller
rch_recharge_19tcn,relative,0.01,0.0,switch,2.0,parabolic,1e-05,0.5,smaller
rch_recharge_20tcn,relative,0.01,0.0,switch,2.0,parabolic,1e-05,0.5,smaller
rch_recharge_22tcn,relative,0.01,0.0,switch,2.0,parabolic,1e-05,0.5,smaller
rch_recharge_33tcn,relative,0.01,0.0,switch,2.0,parabolic,1e-05,0.5,smaller
rch_recharge_23tcn,relative,0.01,0.0,switch,2.0,parabolic,1e-05,0.5,smaller
rch_recharge_24tcn,relative,0.01,0.0,switch,2.0,parabolic,1e-05,0.5,smaller
rch_recharge_25tcn,relative,0.01,0.0,switch,2.0,parabolic,1e-05,0.5,smaller
rch_recharge_26tcn,relative,0.01,0.0,switch,2.0,parabolic,1e-05,0.5,smaller
rch_recharge_27tcn,relative,0.01,0.0,switch,2.0,parabolic,1e-05,0.5,smaller
rch_recharge_28tcn,relative,0.01,0.0,switch,2.0,parabolic,1e-05,0.5,smaller
rch_recharge_29tcn,relative,0.01,0.0,switch,2.0,parabolic,1e-05,0.5,smaller
rch_recharge_30tcn,relative,0.01,0.0,switch,2.0,parabolic,1e-05,0.5,smaller
rch_recharge_31tcn,relative,0.01,0.0,switch,2.0,parabolic,1e-05,0.5,smaller
rch_recharge_11tcn,relative,0.01,0.0,switch,2.0,parabolic,1e-05,0.5,smaller
rch_recharge_10tcn,relative,0.01,0.0,switch,2.0,parabolic,1e-05,0.5,smaller
rch_recharge_9tcn,relative,0.01,0.0,switch,2.0,parabolic,1e-05,0.5,smaller
rch_recharge_8tcn,relative,0.01,0.0,switch,2.0,parabolic,1e-05,0.5,smaller
npfklayer1cn,relative,0.01,0.0,switch,2.0,parabolic,1e-05,0.5,smaller
npfklayer2cn,relative,0.01,0.0,switch,2.0,parabolic,1e-05,0.5,smaller
npfklayer3cn,relative,0.01,0.0,switch,2.0,parabolic,1e-05,0.5,smaller
npfk33layer1cn,relative,0.01,0.0,switch,2.0,parabolic,1e-05,0.5,smaller
npfk33layer2cn,relative,0.01,0.0,switch,2.0,parabolic,1e-05,0.5,smaller
npfk33layer3cn,relative,0.01,0.0,switch,2.0,parabolic,1e-05,0.5,smaller
stosslayer2cn,relative,0.01,0.0,switch,2.0,parabolic,1e-05,0.5,smaller
stosslayer3cn,relative,0.01,0.0,switch,2.0,parabolic,1e-05,0.5,smaller
stosylayer1cn,relative,0.01,0.0,switch,2.0,parabolic,1e-05,0.5,smaller
nelayer1cn,relative,0.01,0.0,switch,2.0,parabolic,1e-05,0.5,smaller
nelayer2cn,relative,0.01,0.0,switch,2.0,parabolic,1e-05,0.5,smaller
nelayer3cn,relative,0.01,0.0,switch,2.0,parabolic,1e-05,0.5,smaller
rch_recharge_1tcn,relative,0.01,0.0,switch,2.0,parabolic,1e-05,0.5,smaller
rch_recharge_2tcn,relative,0.01,0.0,switch,2.0,parabolic,1e-05,0.5,smaller
rch_recharge_3tcn,relative,0.01,0.0,switch,2.0,parabolic,1e-05,0.5,smaller
rch_recharge_4tcn,relative,0.01,0.0,switch,2.0,parabolic,1e-05,0.5,smaller
rch_recharge_5tcn,relative,0.01,0.0,switch,2.0,parabolic,1e-05,0.5,smaller
rch_recharge_6tcn,relative,0.01,0.0,switch,2.0,parabolic,1e-05,0.5,smaller
rch_recharge_7tcn,relative,0.01,0.0,switch,2.0,parabolic,1e-05,0.5,smaller
rch_recharge_32tcn,relative,0.01,0.0,switch,2.0,parabolic,1e-05,0.5,smaller
rch_recharge_34tcn,relative,0.01,0.0,switch,2.0,parabolic,1e-05,0.5,smaller
rch_recharge_79tcn,relative,0.01,0.0,switch,2.0,parabolic,1e-05,0.5,smaller
rch_recharge_68tcn,relative,0.01,0.0,switch,2.0,parabolic,1e-05,0.5,smaller
rch_recharge_59tcn,relative,0.01,0.0,switch,2.0,parabolic,1e-05,0.5,smaller
rch_recharge_60tcn,relative,0.01,0.0,switch,2.0,parabolic,1e-05,0.5,smaller
rch_recharge_61tcn,relative,0.01,0.0,switch,2.0,parabolic,1e-05,0.5,smaller
rch_recharge_62tcn,relative,0.01,0.0,switch,2.0,parabolic,1e-05,0.5,smaller
rch_recharge_63tcn,relative,0.01,0.0,switch,2.0,parabolic,1e-05,0.5,smaller
rch_recharge_64tcn,relative,0.01,0.0,switch,2.0,parabolic,1e-05,0.5,smaller
rch_recharge_65tcn,relative,0.01,0.0,switch,2.0,parabolic,1e-05,0.5,smaller
rch_recharge_66tcn,relative,0.01,0.0,switch,2.0,parabolic,1e-05,0.5,smaller
rch_recharge_67tcn,relative,0.01,0.0,switch,2.0,parabolic,1e-05,0.5,smaller
rch_recharge_69tcn,relative,0.01,0.0,switch,2.0,parabolic,1e-05,0.5,smaller
rch_recharge_35tcn,relative,0.01,0.0,switch,2.0,parabolic,1e-05,0.5,smaller
rch_recharge_70tcn,relative,0.01,0.0,switch,2.0,parabolic,1e-05,0.5,smaller
rch_recharge_71tcn,relative,0.01,0.0,switch,2.0,parabolic,1e-05,0.5,smaller
rch_recharge_72tcn,relative,0.01,0.0,switch,2.0,parabolic,1e-05,0.5,smaller
rch_recharge_73tcn,relative,0.01,0.0,switch,2.0,parabolic,1e-05,0.5,smaller
rch_recharge_74tcn,relative,0.01,0.0,switch,2.0,parabolic,1e-05,0.5,smaller
rch_recharge_75tcn,relative,0.01,0.0,switch,2.0,parabolic,1e-05,0.5,smaller
rch_recharge_76tcn,relative,0.01,0.0,switch,2.0,parabolic,1e-05,0.5,smaller
rch_recharge_77tcn,relative,0.01,0.0,switch,2.0,parabolic,1e-05,0.5,smaller
rch_recharge_78tcn,relative,0.01,0.0,switch,2.0,parabolic,1e-05,0.5,smaller
rch_recharge_58tcn,relative,0.01,0.0,switch,2.0,parabolic,1e-05,0.5,smaller
rch_recharge_57tcn,relative,0.01,0.0,switch,2.0,parabolic,1e-05,0.5,smaller
rch_recharge_56tcn,relative,0.01,0.0,switch,2.0,parabolic,1e-05,0.5,smaller
rch_recharge_55tcn,relative,0.01,0.0,switch,2.0,parabolic,1e-05,0.5,smaller
rch_recharge_36tcn,relative,0.01,0.0,switch,2.0,parabolic,1e-05,0.5,smaller
rch_recharge_37tcn,relative,0.01,0.0,switch,2.0,parabolic,1e-05,0.5,smaller
rch_recharge_38tcn,relative,0.01,0.0,switch,2.0,parabolic,1e-05,0.5,smaller
rch_recharge_39tcn,relative,0.01,0.0,switch,2.0,parabolic,1e-05,0.5,smaller
rch_recharge_40tcn,relative,0.01,0.0,switch,2.0,parabolic,1e-05,0.5,smaller
rch_recharge_41tcn,relative,0.01,0.0,switch,2.0,parabolic,1e-05,0.5,smaller
rch_recharge_42tcn,relative,0.01,0.0,switch,2.0,parabolic,1e-05,0.5,smaller
rch_recharge_43tcn,relative,0.01,0.0,switch,2.0,parabolic,1e-05,0.5,smaller
rch_recharge_44tcn,relative,0.01,0.0,switch,2.0,parabolic,1e-05,0.5,smaller
rch_recharge_45tcn,relative,0.01,0.0,switch,2.0,parabolic,1e-05,0.5,smaller
rch_recharge_46tcn,relative,0.01,0.0,switch,2.0,parabolic,1e-05,0.5,smaller
rch_recharge_47tcn,relative,0.01,0.0,switch,2.0,parabolic,1e-05,0.5,smaller
rch_recharge_48tcn,relative,0.01,0.0,switch,2.0,parabolic,1e-05,0.5,smaller
rch_recharge_49tcn,relative,0.01,0.0,switch,2.0,parabolic,1e-05,0.5,smaller
rch_recharge_50tcn,relative,0.01,0.0,switch,2.0,parabolic,1e-05,0.5,smaller
rch_recharge_51tcn,relative,0.01,0.0,switch,2.0,parabolic,1e-05,0.5,smaller
rch_recharge_52tcn,relative,0.01,0.0,switch,2.0,parabolic,1e-05,0.5,smaller
rch_recharge_53tcn,relative,0.01,0.0,switch,2.0,parabolic,1e-05,0.5,smaller
rch_recharge_54tcn,relative,0.01,0.0,switch,2.0,parabolic,1e-05,0.5,smaller
rch_recharge_174tcn,relative,0.01,0.0,switch,2.0,parabolic,1e-05,0.5,smaller
rch_recharge_175tcn,relative,0.01,0.0,switch,2.0,parabolic,1e-05,0.5,smaller
rch_recharge_176tcn,relative,0.01,0.0,switch,2.0,parabolic,1e-05,0.5,smaller
rch_recharge_304tcn,relative,0.01,0.0,switch,2.0,parabolic,1e-05,0.5,smaller
rch_recharge_295tcn,relative,0.01,0.0,switch,2.0,parabolic,1e-05,0.5,smaller
rch_recharge_296tcn,relative,0.01,0.0,switch,2.0,parabolic,1e-05,0.5,smaller
rch_recharge_297tcn,relative,0.01,0.0,switch,2.0,parabolic,1e-05,0.5,smaller
rch_recharge_298tcn,relative,0.01,0.0,switch,2.0,parabolic,1e-05,0.5,smaller
rch_recharge_299tcn,relative,0.01,0.0,switch,2.0,parabolic,1e-05,0.5,smaller
rch_recharge_300tcn,relative,0.01,0.0,switch,2.0,parabolic,1e-05,0.5,smaller
rch_recharge_301tcn,relative,0.01,0.0,switch,2.0,parabolic,1e-05,0.5,smaller
rch_recharge_302tcn,relative,0.01,0.0,switch,2.0,parabolic,1e-05,0.5,smaller
rch_recharge_303tcn,relative,0.01,0.0,switch,2.0,parabolic,1e-05,0.5,smaller
rch_recharge_305tcn,relative,0.01,0.0,switch,2.0,parabolic,1e-05,0.5,smaller
rch_recharge_316tcn,relative,0.01,0.0,switch,2.0,parabolic,1e-05,0.5,smaller
rch_recharge_306tcn,relative,0.01,0.0,switch,2.0,parabolic,1e-05,0.5,smaller
rch_recharge_307tcn,relative,0.01,0.0,switch,2.0,parabolic,1e-05,0.5,smaller
rch_recharge_308tcn,relative,0.01,0.0,switch,2.0,parabolic,1e-05,0.5,smaller
rch_recharge_309tcn,relative,0.01,0.0,switch,2.0,parabolic,1e-05,0.5,smaller
rch_recharge_310tcn,relative,0.01,0.0,switch,2.0,parabolic,1e-05,0.5,smaller
rch_recharge_311tcn,relative,0.01,0.0,switch,2.0,parabolic,1e-05,0.5,smaller
rch_recharge_312tcn,relative,0.01,0.0,switch,2.0,parabolic,1e-05,0.5,smaller
rch_recharge_313tcn,relative,0.01,0.0,switch,2.0,parabolic,1e-05,0.5,smaller
rch_recharge_314tcn,relative,0.01,0.0,switch,2.0,parabolic,1e-05,0.5,smaller
rch_recharge_294tcn,relative,0.01,0.0,switch,2.0,parabolic,1e-05,0.5,smaller
rch_recharge_293tcn,relative,0.01,0.0,switch,2.0,parabolic,1e-05,0.5,smaller
rch_recharge_292tcn,relative,0.01,0.0,switch,2.0,parabolic,1e-05,0.5,smaller
rch_recharge_291tcn,relative,0.01,0.0,switch,2.0,parabolic,1e-05,0.5,smaller
rch_recharge_272tcn,relative,0.01,0.0,switch,2.0,parabolic,1e-05,0.5,smaller
rch_recharge_273tcn,relative,0.01,0.0,switch,2.0,parabolic,1e-05,0.5,smaller
rch_recharge_274tcn,relative,0.01,0.0,switch,2.0,parabolic,1e-05,0.5,smaller
rch_recharge_275tcn,relative,0.01,0.0,switch,2.0,parabolic,1e-05,0.5,smaller
rch_recharge_276tcn,relative,0.01,0.0,switch,2.0,parabolic,1e-05,0.5,smaller
rch_recharge_277tcn,relative,0.01,0.0,switch,2.0,parabolic,1e-05,0.5,smaller
rch_recharge_278tcn,relative,0.01,0.0,switch,2.0,parabolic,1e-05,0.5,smaller
rch_recharge_279tcn,relative,0.01,0.0,switch,2.0,parabolic,1e-05,0.5,smaller
rch_recharge_280tcn,relative,0.01,0.0,switch,2.0,parabolic,1e-05,0.5,smaller
rch_recharge_281tcn,relative,0.01,0.0,switch,2.0,parabolic,1e-05,0.5,smaller
rch_recharge_282tcn,relative,0.01,0.0,switch,2.0,parabolic,1e-05,0.5,smaller
rch_recharge_283tcn,relative,0.01,0.0,switch,2.0,parabolic,1e-05,0.5,smaller
rch_recharge_284tcn,relative,0.01,0.0,switch,2.0,parabolic,1e-05,0.5,smaller
rch_recharge_285tcn,relative,0.01,0.0,switch,2.0,parabolic,1e-05,0.5,smaller
rch_recharge_286tcn,relative,0.01,0.0,switch,2.0,parabolic,1e-05,0.5,smaller
rch_recharge_287tcn,relative,0.01,0.0,switch,2.0,parabolic,1e-05,0.5,smaller
rch_recharge_288tcn,relative,0.01,0.0,switch,2.0,parabolic,1e-05,0.5,smaller
rch_recharge_289tcn,relative,0.01,0.0,switch,2.0,parabolic,1e-05,0.5,smaller
rch_recharge_290tcn,relative,0.01,0.0,switch,2.0,parabolic,1e-05,0.5,smaller
rch_recharge_315tcn,relative,0.01,0.0,switch,2.0,parabolic,1e-05,0.5,smaller
rch_recharge_317tcn,relative,0.01,0.0,switch,2.0,parabolic,1e-05,0.5,smaller
rch_recharge_270tcn,relative,0.01,0.0,switch,2.0,parabolic,1e-05,0.5,smaller
rch_recharge_351tcn,relative,0.01,0.0,switch,2.0,parabolic,1e-05,0.5,smaller
rch_recharge_342tcn,relative,0.01,0.0,switch,2.0,parabolic,1e-05,0.5,smaller
rch_recharge_343tcn,relative,0.01,0.0,switch,2.0,parabolic,1e-05,0.5,smaller
rch_recharge_344tcn,relative,0.01,0.0,switch,2.0,parabolic,1e-05,0.5,smaller
rch_recharge_345tcn,relative,0.01,0.0,switch,2.0,parabolic,1e-05,0.5,smaller
rch_recharge_346tcn,relative,0.01,0.0,switch,2.0,parabolic,1e-05,0.5,smaller
rch_recharge_347tcn,relative,0.01,0.0,switch,2.0,parabolic,1e-05,0.5,smaller
rch_recharge_348tcn,relative,0.01,0.0,switch,2.0,parabolic,1e-05,0.5,smaller
rch_recharge_349tcn,relative,0.01,0.0,switch,2.0,parabolic,1e-05,0.5,smaller
rch_recharge_350tcn,relative,0.01,0.0,switch,2.0,parabolic,1e-05,0.5,smaller
rch_recharge_353tcn,relative,0.01,0.0,switch,2.0,parabolic,1e-05,0.5,smaller
rch_recharge_318tcn,relative,0.01,0.0,switch,2.0,parabolic,1e-05,0.5,smaller
rch_recharge_354tcn,relative,0.01,0.0,switch,2.0,parabolic,1e-05,0.5,smaller
rch_recharge_355tcn,relative,0.01,0.0,switch,2.0,parabolic,1e-05,0.5,smaller
rch_recharge_356tcn,relative,0.01,0.0,switch,2.0,parabolic,1e-05,0.5,smaller
rch_recharge_357tcn,relative,0.01,0.0,switch,2.0,parabolic,1e-05,0.5,smaller
rch_recharge_358tcn,relative,0.01,0.0,switch,2.0,parabolic,1e-05,0.5,smaller
rch_recharge_359tcn,relative,0.01,0.0,switch,2.0,parabolic,1e-05,0.5,smaller
rch_recharge_360tcn,relative,0.01,0.0,switch,2.0,parabolic,1e-05,0.5,smaller
rch_recharge_361tcn,relative,0.01,0.0,switch,2.0,parabolic,1e-05,0.5,smaller
rch_recharge_362tcn,relative,0.01,0.0,switch,2.0,parabolic,1e-05,0.5,smaller
rch_recharge_341tcn,relative,0.01,0.0,switch,2.0,parabolic,1e-05,0.5,smaller
rch_recharge_340tcn,relative,0.01,0.0,switch,2.0,parabolic,1e-05,0.5,smaller
rch_recharge_339tcn,relative,0.01,0.0,switch,2.0,parabolic,1e-05,0.5,smaller
rch_recharge_338tcn,relative,0.01,0.0,switch,2.0,parabolic,1e-05,0.5,smaller
rch_recharge_319tcn,relative,0.01,0.0,switch,2.0,parabolic,1e-05,0.5,smaller
rch_recharge_320tcn,relative,0.01,0.0,switch,2.0,parabolic,1e-05,0.5,smaller
rch_recharge_321tcn,relative,0.01,0.0,switch,2.0,parabolic,1e-05,0.5,smaller
rch_recharge_322tcn,relative,0.01,0.0,switch,2.0,parabolic,1e-05,0.5,smaller
rch_recharge_323tcn,relative,0.01,0.0,switch,2.0,parabolic,1e-05,0.5,smaller
rch_recharge_324tcn,relative,0.01,0.0,switch,2.0,parabolic,1e-05,0.5,smaller
rch_recharge_325tcn,relative,0.01,0.0,switch,2.0,parabolic,1e-05,0.5,smaller
rch_recharge_326tcn,relative,0.01,0.0,switch,2.0,parabolic,1e-05,0.5,smaller
rch_recharge_327tcn,relative,0.01,0.0,switch,2.0,parabolic,1e-05,0.5,smaller
rch_recharge_328tcn,relative,0.01,0.0,switch,2.0,parabolic,1e-05,0.5,smaller
rch_recharge_329tcn,relative,0.01,0.0,switch,2.0,parabolic,1e-05,0.5,smaller
rch_recharge_330tcn,relative,0.01,0.0,switch,2.0,parabolic,1e-05,0.5,smaller
rch_recharge_331tcn,relative,0.01,0.0,switch,2.0,parabolic,1e-05,0.5,smaller
rch_recharge_332tcn,relative,0.01,0.0,switch,2.0,parabolic,1e-05,0.5,smaller
rch_recharge_333tcn,relative,0.01,0.0,switch,2.0,parabolic,1e-05,0.5,smaller
rch_recharge_334tcn,relative,0.01,0.0,switch,2.0,parabolic,1e-05,0.5,smaller
rch_recharge_335tcn,relative,0.01,0.0,switch,2.0,parabolic,1e-05,0.5,smaller
rch_recharge_336tcn,relative,0.01,0.0,switch,2.0,parabolic,1e-05,0.5,smaller
rch_recharge_337tcn,relative,0.01,0.0,switch,2.0,parabolic,1e-05,0.5,smaller
rch_recharge_271tcn,relative,0.01,0.0,switch,2.0,parabolic,1e-05,0.5,smaller
rch_recharge_269tcn,relative,0.01,0.0,switch,2.0,parabolic,1e-05,0.5,smaller
rch_recharge_177tcn,relative,0.01,0.0,switch,2.0,parabolic,1e-05,0.5,smaller
rch_recharge_210tcn,relative,0.01,0.0,switch,2.0,parabolic,1e-05,0.5,smaller
rch_recharge_201tcn,relative,0.01,0.0,switch,2.0,parabolic,1e-05,0.5,smaller
rch_recharge_202tcn,relative,0.01,0.0,switch,2.0,parabolic,1e-05,0.5,smaller
rch_recharge_203tcn,relative,0.01,0.0,switch,2.0,parabolic,1e-05,0.5,smaller
rch_recharge_204tcn,relative,0.01,0.0,switch,2.0,parabolic,1e-05,0.5,smaller
rch_recharge_205tcn,relative,0.01,0.0,switch,2.0,parabolic,1e-05,0.5,smaller
rch_recharge_206tcn,relative,0.01,0.0,switch,2.0,parabolic,1e-05,0.5,smaller
rch_recharge_207tcn,relative,0.01,0.0,switch,2.0,parabolic,1e-05,0.5,smaller
rch_recharge_208tcn,relative,0.01,0.0,switch,2.0,parabolic,1e-05,0.5,smaller
rch_recharge_209tcn,relative,0.01,0.0,switch,2.0,parabolic,1e-05,0.5,smaller
rch_recharge_211tcn,relative,0.01,0.0,switch,2.0,parabolic,1e-05,0.5,smaller
rch_recharge_222tcn,relative,0.01,0.0,switch,2.0,parabolic,1e-05,0.5,smaller
rch_recharge_212tcn,relative,0.01,0.0,switch,2.0,parabolic,1e-05,0.5,smaller
rch_recharge_213tcn,relative,0.01,0.0,switch,2.0,parabolic,1e-05,0.5,smaller
rch_recharge_214tcn,relative,0.01,0.0,switch,2.0,parabolic,1e-05,0.5,smaller
rch_recharge_215tcn,relative,0.01,0.0,switch,2.0,parabolic,1e-05,0.5,smaller
rch_recharge_216tcn,relative,0.01,0.0,switch,2.0,parabolic,1e-05,0.5,smaller
rch_recharge_217tcn,relative,0.01,0.0,switch,2.0,parabolic,1e-05,0.5,smaller
rch_recharge_218tcn,relative,0.01,0.0,switch,2.0,parabolic,1e-05,0.5,smaller
rch_recharge_219tcn,relative,0.01,0.0,switch,2.0,parabolic,1e-05,0.5,smaller
rch_recharge_220tcn,relative,0.01,0.0,switch,2.0,parabolic,1e-05,0.5,smaller
rch_recharge_200tcn,relative,0.01,0.0,switch,2.0,parabolic,1e-05,0.5,smaller
rch_recharge_199tcn,relative,0.01,0.0,switch,2.0,parabolic,1e-05,0.5,smaller
rch_recharge_198tcn,relative,0.01,0.0,switch,2.0,parabolic,1e-05,0.5,smaller
rch_recharge_197tcn,relative,0.01,0.0,switch,2.0,parabolic,1e-05,0.5,smaller
rch_recharge_178tcn,relative,0.01,0.0,switch,2.0,parabolic,1e-05,0.5,smaller
rch_recharge_179tcn,relative,0.01,0.0,switch,2.0,parabolic,1e-05,0.5,smaller
rch_recharge_180tcn,relative,0.01,0.0,switch,2.0,parabolic,1e-05,0.5,smaller
rch_recharge_181tcn,relative,0.01,0.0,switch,2.0,parabolic,1e-05,0.5,smaller
rch_recharge_182tcn,relative,0.01,0.0,switch,2.0,parabolic,1e-05,0.5,smaller
rch_recharge_183tcn,relative,0.01,0.0,switch,2.0,parabolic,1e-05,0.5,smaller
rch_recharge_184tcn,relative,0.01,0.0,switch,2.0,parabolic,1e-05,0.5,smaller
rch_recharge_185tcn,relative,0.01,0.0,switch,2.0,parabolic,1e-05,0.5,smaller
rch_recharge_186tcn,relative,0.01,0.0,switch,2.0,parabolic,1e-05,0.5,smaller
rch_recharge_187tcn,relative,0.01,0.0,switch,2.0,parabolic,1e-05,0.5,smaller
rch_recharge_188tcn,relative,0.01,0.0,switch,2.0,parabolic,1e-05,0.5,smaller
rch_recharge_189tcn,relative,0.01,0.0,switch,2.0,parabolic,1e-05,0.5,smaller
rch_recharge_190tcn,relative,0.01,0.0,switch,2.0,parabolic,1e-05,0.5,smaller
rch_recharge_191tcn,relative,0.01,0.0,switch,2.0,parabolic,1e-05,0.5,smaller
rch_recharge_192tcn,relative,0.01,0.0,switch,2.0,parabolic,1e-05,0.5,smaller
rch_recharge_193tcn,relative,0.01,0.0,switch,2.0,parabolic,1e-05,0.5,smaller
rch_recharge_194tcn,relative,0.01,0.0,switch,2.0,parabolic,1e-05,0.5,smaller
rch_recharge_195tcn,relative,0.01,0.0,switch,2.0,parabolic,1e-05,0.5,smaller
rch_recharge_196tcn,relative,0.01,0.0,switch,2.0,parabolic,1e-05,0.5,smaller
rch_recharge_221tcn,relative,0.01,0.0,switch,2.0,parabolic,1e-05,0.5,smaller
rch_recharge_223tcn,relative,0.01,0.0,switch,2.0,parabolic,1e-05,0.5,smaller
rch_recharge_268tcn,relative,0.01,0.0,switch,2.0,parabolic,1e-05,0.5,smaller
rch_recharge_257tcn,relative,0.01,0.0,switch,2.0,parabolic,1e-05,0.5,smaller
rch_recharge_248tcn,relative,0.01,0.0,switch,2.0,parabolic,1e-05,0.5,smaller
rch_recharge_249tcn,relative,0.01,0.0,switch,2.0,parabolic,1e-05,0.5,smaller
rch_recharge_250tcn,relative,0.01,0.0,switch,2.0,parabolic,1e-05,0.5,smaller
rch_recharge_251tcn,relative,0.01,0.0,switch,2.0,parabolic,1e-05,0.5,smaller
rch_recharge_252tcn,relative,0.01,0.0,switch,2.0,parabolic,1e-05,0.5,smaller
rch_recharge_253tcn,relative,0.01,0.0,switch,2.0,parabolic,1e-05,0.5,smaller
rch_recharge_254tcn,relative,0.01,0.0,switch,2.0,parabolic,1e-05,0.5,smaller
rch_recharge_255tcn,relative,0.01,0.0,switch,2.0,parabolic,1e-05,0.5,smaller
rch_recharge_256tcn,relative,0.01,0.0,switch,2.0,parabolic,1e-05,0.5,smaller
rch_recharge_258tcn,relative,0.01,0.0,switch,2.0,parabolic,1e-05,0.5,smaller
rch_recharge_224tcn,relative,0.01,0.0,switch,2.0,parabolic,1e-05,0.5,smaller
rch_recharge_259tcn,relative,0.01,0.0,switch,2.0,parabolic,1e-05,0.5,smaller
rch_recharge_260tcn,relative,0.01,0.0,switch,2.0,parabolic,1e-05,0.5,smaller
rch_recharge_261tcn,relative,0.01,0.0,switch,2.0,parabolic,1e-05,0.5,smaller
rch_recharge_262tcn,relative,0.01,0.0,switch,2.0,parabolic,1e-05,0.5,smaller
rch_recharge_263tcn,relative,0.01,0.0,switch,2.0,parabolic,1e-05,0.5,smaller
rch_recharge_264tcn,relative,0.01,0.0,switch,2.0,parabolic,1e-05,0.5,smaller
rch_recharge_265tcn,relative,0.01,0.0,switch,2.0,parabolic,1e-05,0.5,smaller
rch_recharge_266tcn,relative,0.01,0.0,switch,2.0,parabolic,1e-05,0.5,smaller
rch_recharge_267tcn,relative,0.01,0.0,switch,2.0,parabolic,1e-05,0.5,smaller
rch_recharge_247tcn,relative,0.01,0.0,switch,2.0,parabolic,1e-05,0.5,smaller
rch_recharge_246tcn,relative,0.01,0.0,switch,2.0,parabolic,1e-05,0.5,smaller
rch_recharge_245tcn,relative,0.01,0.0,switch,2.0,parabolic,1e-05,0.5,smaller
rch_recharge_244tcn,relative,0.01,0.0,switch,2.0,parabolic,1e-05,0.5,smaller
rch_recharge_225tcn,relative,0.01,0.0,switch,2.0,parabolic,1e-05,0.5,smaller
rch_recharge_226tcn,relative,0.01,0.0,switch,2.0,parabolic,1e-05,0.5,smaller
rch_recharge_227tcn,relative,0.01,0.0,switch,2.0,parabolic,1e-05,0.5,smaller
rch_recharge_228tcn,relative,0.01,0.0,switch,2.0,parabolic,1e-05,0.5,smaller
rch_recharge_229tcn,relative,0.01,0.0,switch,2.0,parabolic,1e-05,0.5,smaller
rch_recharge_230tcn,relative,0.01,0.0,switch,2.0,parabolic,1e-05,0.5,smaller
rch_recharge_231tcn,relative,0.01,0.0,switch,2.0,parabolic,1e-05,0.5,smaller
rch_recharge_232tcn,relative,0.01,0.0,switch,2.0,parabolic,1e-05,0.5,smaller
rch_recharge_233tcn,relative,0.01,0.0,switch,2.0,parabolic,1e-05,0.5,smaller
rch_recharge_234tcn,relative,0.01,0.0,switch,2.0,parabolic,1e-05,0.5,smaller
rch_recharge_235tcn,relative,0.01,0.0,switch,2.0,parabolic,1e-05,0.5,smaller
rch_recharge_236tcn,relative,0.01,0.0,switch,2.0,parabolic,1e-05,0.5,smaller
rch_recharge_237tcn,relative,0.01,0.0,switch,2.0,parabolic,1e-05,0.5,smaller
rch_recharge_238tcn,relative,0.01,0.0,switch,2.0,parabolic,1e-05,0.5,smaller
rch_recharge_239tcn,relative,0.01,0.0,switch,2.0,parabolic,1e-05,0.5,smaller
rch_recharge_240tcn,relative,0.01,0.0,switch,2.0,parabolic,1e-05,0.5,smaller
rch_recharge_241tcn,relative,0.01,0.0,switch,2.0,parabolic,1e-05,0.5,smaller
rch_recharge_242tcn,relative,0.01,0.0,switch,2.0,parabolic,1e-05,0.5,smaller
rch_recharge_243tcn,relative,0.01,0.0,switch,2.0,parabolic,1e-05,0.5,smaller
sfrgr,relative,0.01,0.0,switch,2.0,parabolic,1e-05,0.5,smaller
