name,prior_mean,prior_stdev,prior_lower_bound,prior_upper_bound,post_mean,post_stdev,post_lower_bound,post_upper_bound
pname:npf_k_layer1_pp_inst:0_ptype:pp_pstyle:m_i:2_j:2_zone:1.0,0,0.23299,-0.46598,0.46598,-0.014915,0.2327,-0.480315,0.450485
pname:npf_k_layer1_pp_inst:0_ptype:pp_pstyle:m_i:2_j:6_zone:1.0,0,0.23299,-0.46598,0.46598,-0.0266137,0.232327,-0.491268,0.43804
pname:npf_k_layer1_pp_inst:0_ptype:pp_pstyle:m_i:2_j:10_zone:1.0,0,0.23299,-0.46598,0.46598,-0.0215737,0.231476,-0.484525,0.441378
pname:npf_k_layer1_pp_inst:0_ptype:pp_pstyle:m_i:2_j:14_zone:1.0,0,0.23299,-0.46598,0.46598,0.0116647,0.232318,-0.452972,0.476301
pname:npf_k_layer1_pp_inst:0_ptype:pp_pstyle:m_i:6_j:2_zone:1.0,0,0.23299,-0.46598,0.46598,0.00669218,0.232291,-0.45789,0.471274
pname:npf_k_layer1_pp_inst:0_ptype:pp_pstyle:m_i:6_j:6_zone:1.0,0,0.23299,-0.46598,0.46598,-0.0550897,0.231365,-0.517819,0.40764
pname:npf_k_layer1_pp_inst:0_ptype:pp_pstyle:m_i:6_j:10_zone:1.0,0,0.23299,-0.46598,0.46598,-0.0412399,0.22636,-0.49396,0.41148
pname:npf_k_layer1_pp_inst:0_ptype:pp_pstyle:m_i:6_j:14_zone:1.0,0,0.23299,-0.46598,0.46598,-0.0832368,0.231698,-0.546633,0.380159
pname:npf_k_layer1_pp_inst:0_ptype:pp_pstyle:m_i:10_j:2_zone:1.0,0,0.23299,-0.46598,0.46598,-0.0179313,0.232212,-0.482356,0.446494
pname:npf_k_layer1_pp_inst:0_ptype:pp_pstyle:m_i:10_j:10_zone:1.0,0,0.23299,-0.46598,0.46598,0.0535554,0.226807,-0.400058,0.507169
pname:npf_k_layer1_pp_inst:0_ptype:pp_pstyle:m_i:10_j:14_zone:1.0,0,0.23299,-0.46598,0.46598,-0.059602,0.23125,-0.522101,0.402897
pname:npf_k_layer1_pp_inst:0_ptype:pp_pstyle:m_i:14_j:2_zone:1.0,0,0.23299,-0.46598,0.46598,-0.0470644,0.231078,-0.50922,0.415091
pname:npf_k_layer1_pp_inst:0_ptype:pp_pstyle:m_i:14_j:10_zone:1.0,0,0.23299,-0.46598,0.46598,0.0257025,0.230113,-0.434523,0.485928
pname:npf_k_layer1_pp_inst:0_ptype:pp_pstyle:m_i:14_j:14_zone:1.0,0,0.23299,-0.46598,0.46598,0.0714313,0.227654,-0.383876,0.526738
pname:npf_k_layer1_pp_inst:0_ptype:pp_pstyle:m_i:18_j:2_zone:1.0,0,0.23299,-0.46598,0.46598,-0.0352667,0.222965,-0.481197,0.410663
pname:npf_k_layer1_pp_inst:0_ptype:pp_pstyle:m_i:18_j:10_zone:1.0,0,0.23299,-0.46598,0.46598,-0.0977829,0.224595,-0.546972,0.351406
pname:npf_k_layer1_pp_inst:0_ptype:pp_pstyle:m_i:18_j:14_zone:1.0,0,0.23299,-0.46598,0.46598,-0.012154,0.230735,-0.473624,0.449316
pname:npf_k_layer1_pp_inst:0_ptype:pp_pstyle:m_i:22_j:2_zone:1.0,0,0.23299,-0.46598,0.46598,0.0447514,0.228825,-0.412898,0.5024
pname:npf_k_layer1_pp_inst:0_ptype:pp_pstyle:m_i:22_j:6_zone:1.0,0,0.23299,-0.46598,0.46598,-0.0459401,0.221193,-0.488326,0.396446
pname:npf_k_layer1_pp_inst:0_ptype:pp_pstyle:m_i:22_j:10_zone:1.0,0,0.23299,-0.46598,0.46598,-0.0551756,0.221662,-0.498499,0.388148
pname:npf_k_layer1_pp_inst:0_ptype:pp_pstyle:m_i:22_j:14_zone:1.0,0,0.23299,-0.46598,0.46598,0.0709763,0.229868,-0.388761,0.530713
pname:npf_k_layer1_pp_inst:0_ptype:pp_pstyle:m_i:26_j:2_zone:1.0,0,0.23299,-0.46598,0.46598,-0.00595639,0.226709,-0.459375,0.447462
pname:npf_k_layer1_pp_inst:0_ptype:pp_pstyle:m_i:26_j:6_zone:1.0,0,0.23299,-0.46598,0.46598,-0.0346423,0.200318,-0.435278,0.365993
pname:npf_k_layer1_pp_inst:0_ptype:pp_pstyle:m_i:26_j:10_zone:1.0,0,0.23299,-0.46598,0.46598,-0.00320547,0.1999,-0.403005,0.396594
pname:npf_k_layer1_pp_inst:0_ptype:pp_pstyle:m_i:26_j:14_zone:1.0,0,0.23299,-0.46598,0.46598,0.00250516,0.228225,-0.453945,0.458955
pname:npf_k_layer1_pp_inst:0_ptype:pp_pstyle:m_i:30_j:2_zone:1.0,0,0.23299,-0.46598,0.46598,-0.034893,0.226668,-0.488228,0.418442
pname:npf_k_layer1_pp_inst:0_ptype:pp_pstyle:m_i:30_j:6_zone:1.0,0,0.23299,-0.46598,0.46598,-0.00641484,0.200147,-0.40671,0.39388
pname:npf_k_layer1_pp_inst:0_ptype:pp_pstyle:m_i:30_j:10_zone:1.0,0,0.23299,-0.46598,0.46598,0.017142,0.221479,-0.425817,0.460101
pname:npf_k_layer1_pp_inst:0_ptype:pp_pstyle:m_i:30_j:14_zone:1.0,0,0.23299,-0.46598,0.46598,0.106435,0.229183,-0.351931,0.564801
pname:npf_k_layer1_pp_inst:0_ptype:pp_pstyle:m_i:34_j:6_zone:1.0,0,0.23299,-0.46598,0.46598,-0.122438,0.218964,-0.560366,0.31549
pname:npf_k_layer1_pp_inst:0_ptype:pp_pstyle:m_i:34_j:10_zone:1.0,0,0.23299,-0.46598,0.46598,-0.0221895,0.22482,-0.47183,0.427451
pname:npf_k_layer1_pp_inst:0_ptype:pp_pstyle:m_i:34_j:14_zone:1.0,0,0.23299,-0.46598,0.46598,-0.075573,0.22244,-0.520452,0.369306
pname:npf_k_layer1_cn_inst:0_ptype:cn_pstyle:m,0,0.23299,-0.46598,0.46598,-0.0641153,0.215685,-0.495485,0.367255
pname:npf_k_layer2_pp_inst:0_ptype:pp_pstyle:m_i:2_j:2_zone:1.0,0,0.23299,-0.46598,0.46598,0.0040756,0.231531,-0.458986,0.467137
pname:npf_k_layer2_pp_inst:0_ptype:pp_pstyle:m_i:2_j:6_zone:1.0,0,0.23299,-0.46598,0.46598,-0.00036162,0.228901,-0.458165,0.457441
pname:npf_k_layer2_pp_inst:0_ptype:pp_pstyle:m_i:2_j:10_zone:1.0,0,0.23299,-0.46598,0.46598,-0.0114818,0.225638,-0.462757,0.439794
pname:npf_k_layer2_pp_inst:0_ptype:pp_pstyle:m_i:2_j:14_zone:1.0,0,0.23299,-0.46598,0.46598,-0.0310919,0.218995,-0.469081,0.406897
pname:npf_k_layer2_pp_inst:0_ptype:pp_pstyle:m_i:6_j:2_zone:1.0,0,0.23299,-0.46598,0.46598,0.00754854,0.228891,-0.450234,0.465331
pname:npf_k_layer2_pp_inst:0_ptype:pp_pstyle:m_i:6_j:6_zone:1.0,0,0.23299,-0.46598,0.46598,-0.00148168,0.217429,-0.43634,0.433377
pname:npf_k_layer2_pp_inst:0_ptype:pp_pstyle:m_i:6_j:10_zone:1.0,0,0.23299,-0.46598,0.46598,0.0131836,0.213015,-0.412847,0.439214
pname:npf_k_layer2_pp_inst:0_ptype:pp_pstyle:m_i:6_j:14_zone:1.0,0,0.23299,-0.46598,0.46598,0.018246,0.216134,-0.414021,0.450513
pname:npf_k_layer2_pp_inst:0_ptype:pp_pstyle:m_i:10_j:2_zone:1.0,0,0.23299,-0.46598,0.46598,-0.00740987,0.223903,-0.455216,0.440396
pname:npf_k_layer2_pp_inst:0_ptype:pp_pstyle:m_i:10_j:10_zone:1.0,0,0.23299,-0.46598,0.46598,0.013821,0.227698,-0.441574,0.469216
pname:npf_k_layer2_pp_inst:0_ptype:pp_pstyle:m_i:10_j:14_zone:1.0,0,0.23299,-0.46598,0.46598,-0.00609077,0.22943,-0.464951,0.452769
pname:npf_k_layer2_pp_inst:0_ptype:pp_pstyle:m_i:14_j:2_zone:1.0,0,0.23299,-0.46598,0.46598,-0.029572,0.231535,-0.492641,0.433497
pname:npf_k_layer2_pp_inst:0_ptype:pp_pstyle:m_i:14_j:10_zone:1.0,0,0.23299,-0.46598,0.46598,-0.00764606,0.231848,-0.471342,0.45605
pname:npf_k_layer2_pp_inst:0_ptype:pp_pstyle:m_i:14_j:14_zone:1.0,0,0.23299,-0.46598,0.46598,-0.0604855,0.232177,-0.52484,0.403869
pname:npf_k_layer2_pp_inst:0_ptype:pp_pstyle:m_i:18_j:2_zone:1.0,0,0.23299,-0.46598,0.46598,-0.0417969,0.232445,-0.506687,0.423093
pname:npf_k_layer2_pp_inst:0_ptype:pp_pstyle:m_i:18_j:10_zone:1.0,0,0.23299,-0.46598,0.46598,-0.0207428,0.232335,-0.485413,0.443927
pname:npf_k_layer2_pp_inst:0_ptype:pp_pstyle:m_i:18_j:14_zone:1.0,0,0.23299,-0.46598,0.46598,0.00901249,0.232455,-0.455898,0.473923
pname:npf_k_layer2_pp_inst:0_ptype:pp_pstyle:m_i:22_j:2_zone:1.0,0,0.23299,-0.46598,0.46598,0.0363943,0.232308,-0.428223,0.501011
pname:npf_k_layer2_pp_inst:0_ptype:pp_pstyle:m_i:22_j:6_zone:1.0,0,0.23299,-0.46598,0.46598,0.0353699,0.232154,-0.428937,0.499677
pname:npf_k_layer2_pp_inst:0_ptype:pp_pstyle:m_i:22_j:10_zone:1.0,0,0.23299,-0.46598,0.46598,-0.0193766,0.232374,-0.484124,0.445371
pname:npf_k_layer2_pp_inst:0_ptype:pp_pstyle:m_i:22_j:14_zone:1.0,0,0.23299,-0.46598,0.46598,0.00317358,0.23235,-0.461526,0.467873
pname:npf_k_layer2_pp_inst:0_ptype:pp_pstyle:m_i:26_j:2_zone:1.0,0,0.23299,-0.46598,0.46598,0.00605057,0.232267,-0.458484,0.470585
pname:npf_k_layer2_pp_inst:0_ptype:pp_pstyle:m_i:26_j:6_zone:1.0,0,0.23299,-0.46598,0.46598,0.00436584,0.232006,-0.459647,0.468379
pname:npf_k_layer2_pp_inst:0_ptype:pp_pstyle:m_i:26_j:10_zone:1.0,0,0.23299,-0.46598,0.46598,0.0458298,0.232053,-0.418276,0.509936
pname:npf_k_layer2_pp_inst:0_ptype:pp_pstyle:m_i:26_j:14_zone:1.0,0,0.23299,-0.46598,0.46598,0.0589596,0.232285,-0.40561,0.523529
pname:npf_k_layer2_pp_inst:0_ptype:pp_pstyle:m_i:30_j:2_zone:1.0,0,0.23299,-0.46598,0.46598,-0.0762427,0.232463,-0.541168,0.388683
pname:npf_k_layer2_pp_inst:0_ptype:pp_pstyle:m_i:30_j:6_zone:1.0,0,0.23299,-0.46598,0.46598,-0.0154903,0.232177,-0.479845,0.448864
pname:npf_k_layer2_pp_inst:0_ptype:pp_pstyle:m_i:30_j:10_zone:1.0,0,0.23299,-0.46598,0.46598,-0.00891929,0.232181,-0.473281,0.455442
pname:npf_k_layer2_pp_inst:0_ptype:pp_pstyle:m_i:30_j:14_zone:1.0,0,0.23299,-0.46598,0.46598,-0.0432632,0.232432,-0.508127,0.421601
pname:npf_k_layer2_pp_inst:0_ptype:pp_pstyle:m_i:34_j:6_zone:1.0,0,0.23299,-0.46598,0.46598,-0.00582342,0.232581,-0.470986,0.459339
pname:npf_k_layer2_pp_inst:0_ptype:pp_pstyle:m_i:34_j:10_zone:1.0,0,0.23299,-0.46598,0.46598,-0.0280265,0.232748,-0.493522,0.437469
pname:npf_k_layer2_pp_inst:0_ptype:pp_pstyle:m_i:34_j:14_zone:1.0,0,0.23299,-0.46598,0.46598,-0.0327444,0.232858,-0.49846,0.432971
pname:npf_k_layer2_cn_inst:0_ptype:cn_pstyle:m,0,0.23299,-0.46598,0.46598,-0.079742,0.232919,-0.54558,0.386096
pname:npf_k_layer3_pp_inst:0_ptype:pp_pstyle:m_i:2_j:2_zone:1.0,0,0.23299,-0.46598,0.46598,-0.0101412,0.230813,-0.471767,0.451484
pname:npf_k_layer3_pp_inst:0_ptype:pp_pstyle:m_i:2_j:6_zone:1.0,0,0.23299,-0.46598,0.46598,-0.0639364,0.22644,-0.516817,0.388944
pname:npf_k_layer3_pp_inst:0_ptype:pp_pstyle:m_i:2_j:10_zone:1.0,0,0.23299,-0.46598,0.46598,0.120364,0.213564,-0.306764,0.547493
pname:npf_k_layer3_pp_inst:0_ptype:pp_pstyle:m_i:2_j:14_zone:1.0,0,0.23299,-0.46598,0.46598,-0.0574843,0.206674,-0.470832,0.355863
pname:npf_k_layer3_pp_inst:0_ptype:pp_pstyle:m_i:6_j:2_zone:1.0,0,0.23299,-0.46598,0.46598,0.0109055,0.226697,-0.442489,0.4643
pname:npf_k_layer3_pp_inst:0_ptype:pp_pstyle:m_i:6_j:6_zone:1.0,0,0.23299,-0.46598,0.46598,-0.0911039,0.202129,-0.495362,0.313154
pname:npf_k_layer3_pp_inst:0_ptype:pp_pstyle:m_i:6_j:10_zone:1.0,0,0.23299,-0.46598,0.46598,-0.0747853,0.200286,-0.475358,0.325787
pname:npf_k_layer3_pp_inst:0_ptype:pp_pstyle:m_i:6_j:14_zone:1.0,0,0.23299,-0.46598,0.46598,0.0686119,0.178023,-0.287435,0.424659
pname:npf_k_layer3_pp_inst:0_ptype:pp_pstyle:m_i:10_j:2_zone:1.0,0,0.23299,-0.46598,0.46598,-0.0899894,0.229282,-0.548553,0.368574
pname:npf_k_layer3_pp_inst:0_ptype:pp_pstyle:m_i:10_j:10_zone:1.0,0,0.23299,-0.46598,0.46598,-0.0357955,0.166492,-0.368779,0.297188
pname:npf_k_layer3_pp_inst:0_ptype:pp_pstyle:m_i:10_j:14_zone:1.0,0,0.23299,-0.46598,0.46598,0.0469223,0.196047,-0.345172,0.439017
pname:npf_k_layer3_pp_inst:0_ptype:pp_pstyle:m_i:14_j:2_zone:1.0,0,0.23299,-0.46598,0.46598,0.0360517,0.228898,-0.421744,0.493847
pname:npf_k_layer3_pp_inst:0_ptype:pp_pstyle:m_i:14_j:10_zone:1.0,0,0.23299,-0.46598,0.46598,-0.0100764,0.214833,-0.439743,0.41959
pname:npf_k_layer3_pp_inst:0_ptype:pp_pstyle:m_i:14_j:14_zone:1.0,0,0.23299,-0.46598,0.46598,0.000405035,0.204129,-0.407852,0.408663
pname:npf_k_layer3_pp_inst:0_ptype:pp_pstyle:m_i:18_j:2_zone:1.0,0,0.23299,-0.46598,0.46598,0.0928196,0.225865,-0.358911,0.54455
pname:npf_k_layer3_pp_inst:0_ptype:pp_pstyle:m_i:18_j:10_zone:1.0,0,0.23299,-0.46598,0.46598,0.169184,0.195816,-0.222447,0.560816
pname:npf_k_layer3_pp_inst:0_ptype:pp_pstyle:m_i:18_j:14_zone:1.0,0,0.23299,-0.46598,0.46598,0.0794404,0.178961,-0.278482,0.437363
pname:npf_k_layer3_pp_inst:0_ptype:pp_pstyle:m_i:22_j:2_zone:1.0,0,0.23299,-0.46598,0.46598,0.121995,0.224274,-0.326553,0.570544
pname:npf_k_layer3_pp_inst:0_ptype:pp_pstyle:m_i:22_j:6_zone:1.0,0,0.23299,-0.46598,0.46598,-0.0157028,0.213585,-0.442873,0.411467
pname:npf_k_layer3_pp_inst:0_ptype:pp_pstyle:m_i:22_j:10_zone:1.0,0,0.23299,-0.46598,0.46598,0.225275,0.197282,-0.169289,0.619839
pname:npf_k_layer3_pp_inst:0_ptype:pp_pstyle:m_i:22_j:14_zone:1.0,0,0.23299,-0.46598,0.46598,0.0278428,0.170729,-0.313615,0.3693
pname:npf_k_layer3_pp_inst:0_ptype:pp_pstyle:m_i:26_j:2_zone:1.0,0,0.23299,-0.46598,0.46598,0.0328223,0.221308,-0.409793,0.475438
pname:npf_k_layer3_pp_inst:0_ptype:pp_pstyle:m_i:26_j:6_zone:1.0,0,0.23299,-0.46598,0.46598,-0.0225436,0.197017,-0.416577,0.37149
pname:npf_k_layer3_pp_inst:0_ptype:pp_pstyle:m_i:26_j:10_zone:1.0,0,0.23299,-0.46598,0.46598,-0.115151,0.181812,-0.478775,0.248473
pname:npf_k_layer3_pp_inst:0_ptype:pp_pstyle:m_i:26_j:14_zone:1.0,0,0.23299,-0.46598,0.46598,0.271879,0.191741,-0.111603,0.655361
pname:npf_k_layer3_pp_inst:0_ptype:pp_pstyle:m_i:30_j:2_zone:1.0,0,0.23299,-0.46598,0.46598,0.0507748,0.219099,-0.387424,0.488974
pname:npf_k_layer3_pp_inst:0_ptype:pp_pstyle:m_i:30_j:6_zone:1.0,0,0.23299,-0.46598,0.46598,-0.024143,0.190769,-0.405682,0.357396
pname:npf_k_layer3_pp_inst:0_ptype:pp_pstyle:m_i:30_j:10_zone:1.0,0,0.23299,-0.46598,0.46598,-0.208836,0.178507,-0.565851,0.148178
pname:npf_k_layer3_pp_inst:0_ptype:pp_pstyle:m_i:30_j:14_zone:1.0,0,0.23299,-0.46598,0.46598,0.0478953,0.20336,-0.358824,0.454615
pname:npf_k_layer3_pp_inst:0_ptype:pp_pstyle:m_i:34_j:6_zone:1.0,0,0.23299,-0.46598,0.46598,-0.176179,0.208746,-0.593672,0.241314
pname:npf_k_layer3_pp_inst:0_ptype:pp_pstyle:m_i:34_j:10_zone:1.0,0,0.23299,-0.46598,0.46598,-0.199803,0.187892,-0.575588,0.175981
pname:npf_k_layer3_pp_inst:0_ptype:pp_pstyle:m_i:34_j:14_zone:1.0,0,0.23299,-0.46598,0.46598,-0.0763993,0.1888,-0.454,0.301201
pname:npf_k_layer3_cn_inst:0_ptype:cn_pstyle:m,0,0.23299,-0.46598,0.46598,0.139112,0.0955044,-0.0518964,0.330121
pname:npf_k33_layer1_cn_inst:0_ptype:cn_pstyle:m,0,0.23299,-0.46598,0.46598,-0.125653,0.213975,-0.553604,0.302297
pname:npf_k33_layer2_pp_inst:0_ptype:pp_pstyle:m_i:2_j:2_zone:1.0,0,0.23299,-0.46598,0.46598,0.0774436,0.221483,-0.365522,0.520409
pname:npf_k33_layer2_pp_inst:0_ptype:pp_pstyle:m_i:2_j:6_zone:1.0,0,0.23299,-0.46598,0.46598,-0.0566411,0.194849,-0.446339,0.333057
pname:npf_k33_layer2_pp_inst:0_ptype:pp_pstyle:m_i:2_j:10_zone:1.0,0,0.23299,-0.46598,0.46598,-0.0765714,0.194371,-0.465313,0.312171
pname:npf_k33_layer2_pp_inst:0_ptype:pp_pstyle:m_i:2_j:14_zone:1.0,0,0.23299,-0.46598,0.46598,-0.0103723,0.217527,-0.445426,0.424681
pname:npf_k33_layer2_pp_inst:0_ptype:pp_pstyle:m_i:6_j:2_zone:1.0,0,0.23299,-0.46598,0.46598,-0.0167131,0.221107,-0.458927,0.425501
pname:npf_k33_layer2_pp_inst:0_ptype:pp_pstyle:m_i:6_j:6_zone:1.0,0,0.23299,-0.46598,0.46598,-0.00532771,0.20761,-0.420549,0.409893
pname:npf_k33_layer2_pp_inst:0_ptype:pp_pstyle:m_i:6_j:10_zone:1.0,0,0.23299,-0.46598,0.46598,-0.0139864,0.200745,-0.415477,0.387504
pname:npf_k33_layer2_pp_inst:0_ptype:pp_pstyle:m_i:6_j:14_zone:1.0,0,0.23299,-0.46598,0.46598,0.211366,0.18901,-0.166653,0.589386
pname:npf_k33_layer2_pp_inst:0_ptype:pp_pstyle:m_i:10_j:2_zone:1.0,0,0.23299,-0.46598,0.46598,-0.043514,0.227651,-0.498817,0.411789
pname:npf_k33_layer2_pp_inst:0_ptype:pp_pstyle:m_i:10_j:10_zone:1.0,0,0.23299,-0.46598,0.46598,0.070341,0.204985,-0.339629,0.480311
pname:npf_k33_layer2_pp_inst:0_ptype:pp_pstyle:m_i:10_j:14_zone:1.0,0,0.23299,-0.46598,0.46598,-0.151333,0.19122,-0.533773,0.231107
pname:npf_k33_layer2_pp_inst:0_ptype:pp_pstyle:m_i:14_j:2_zone:1.0,0,0.23299,-0.46598,0.46598,0.0455306,0.222946,-0.400361,0.491422
pname:npf_k33_layer2_pp_inst:0_ptype:pp_pstyle:m_i:14_j:10_zone:1.0,0,0.23299,-0.46598,0.46598,-0.171287,0.214676,-0.600639,0.258065
pname:npf_k33_layer2_pp_inst:0_ptype:pp_pstyle:m_i:14_j:14_zone:1.0,0,0.23299,-0.46598,0.46598,-0.0892635,0.206594,-0.502452,0.323925
pname:npf_k33_layer2_pp_inst:0_ptype:pp_pstyle:m_i:18_j:2_zone:1.0,0,0.23299,-0.46598,0.46598,-0.147126,0.212549,-0.572223,0.277972
pname:npf_k33_layer2_pp_inst:0_ptype:pp_pstyle:m_i:18_j:10_zone:1.0,0,0.23299,-0.46598,0.46598,-0.00831159,0.215855,-0.440022,0.423399
pname:npf_k33_layer2_pp_inst:0_ptype:pp_pstyle:m_i:18_j:14_zone:1.0,0,0.23299,-0.46598,0.46598,-0.046618,0.183716,-0.414049,0.320813
pname:npf_k33_layer2_pp_inst:0_ptype:pp_pstyle:m_i:22_j:2_zone:1.0,0,0.23299,-0.46598,0.46598,-0.0381609,0.206841,-0.451843,0.375521
pname:npf_k33_layer2_pp_inst:0_ptype:pp_pstyle:m_i:22_j:6_zone:1.0,0,0.23299,-0.46598,0.46598,0.110016,0.214042,-0.318069,0.538101
pname:npf_k33_layer2_pp_inst:0_ptype:pp_pstyle:m_i:22_j:10_zone:1.0,0,0.23299,-0.46598,0.46598,-0.00662355,0.21292,-0.432464,0.419217
pname:npf_k33_layer2_pp_inst:0_ptype:pp_pstyle:m_i:22_j:14_zone:1.0,0,0.23299,-0.46598,0.46598,0.0155495,0.169065,-0.322581,0.35368
pname:npf_k33_layer2_pp_inst:0_ptype:pp_pstyle:m_i:26_j:2_zone:1.0,0,0.23299,-0.46598,0.46598,-0.037033,0.204733,-0.446499,0.372432
pname:npf_k33_layer2_pp_inst:0_ptype:pp_pstyle:m_i:26_j:6_zone:1.0,0,0.23299,-0.46598,0.46598,-0.219906,0.137171,-0.494249,0.0544366
pname:npf_k33_layer2_pp_inst:0_ptype:pp_pstyle:m_i:26_j:10_zone:1.0,0,0.23299,-0.46598,0.46598,-0.0226046,0.197556,-0.417717,0.372508
pname:npf_k33_layer2_pp_inst:0_ptype:pp_pstyle:m_i:26_j:14_zone:1.0,0,0.23299,-0.46598,0.46598,0.0528716,0.174724,-0.296576,0.402319
pname:npf_k33_layer2_pp_inst:0_ptype:pp_pstyle:m_i:30_j:2_zone:1.0,0,0.23299,-0.46598,0.46598,-0.200726,0.218198,-0.637121,0.23567
pname:npf_k33_layer2_pp_inst:0_ptype:pp_pstyle:m_i:30_j:6_zone:1.0,0,0.23299,-0.46598,0.46598,0.0457055,0.207105,-0.368504,0.459915
pname:npf_k33_layer2_pp_inst:0_ptype:pp_pstyle:m_i:30_j:10_zone:1.0,0,0.23299,-0.46598,0.46598,0.155841,0.18907,-0.222299,0.533981
pname:npf_k33_layer2_pp_inst:0_ptype:pp_pstyle:m_i:30_j:14_zone:1.0,0,0.23299,-0.46598,0.46598,-0.0561908,0.189983,-0.436157,0.323775
pname:npf_k33_layer2_pp_inst:0_ptype:pp_pstyle:m_i:34_j:6_zone:1.0,0,0.23299,-0.46598,0.46598,-0.0629076,0.225051,-0.51301,0.387195
pname:npf_k33_layer2_pp_inst:0_ptype:pp_pstyle:m_i:34_j:10_zone:1.0,0,0.23299,-0.46598,0.46598,-0.0511992,0.201063,-0.453325,0.350927
pname:npf_k33_layer2_pp_inst:0_ptype:pp_pstyle:m_i:34_j:14_zone:1.0,0,0.23299,-0.46598,0.46598,0.162575,0.203926,-0.245276,0.570426
pname:npf_k33_layer2_cn_inst:0_ptype:cn_pstyle:m,0,0.23299,-0.46598,0.46598,0.126362,0.11955,-0.112737,0.365461
pname:npf_k33_layer3_cn_inst:0_ptype:cn_pstyle:m,0,0.23299,-0.46598,0.46598,-0.0123726,0.192857,-0.398087,0.373342
pname:sto_ss_layer2_cn_inst:0_ptype:cn_pstyle:m,0,0.23299,-0.46598,0.46598,-8.96058e-05,0.232989,-0.466068,0.465888
pname:sto_ss_layer3_pp_inst:0_ptype:pp_pstyle:m_i:2_j:2_zone:1.0,0,0.23299,-0.46598,0.46598,0.000151235,0.232987,-0.465823,0.466125
pname:sto_ss_layer3_pp_inst:0_ptype:pp_pstyle:m_i:2_j:6_zone:1.0,0,0.23299,-0.46598,0.46598,-0.0184579,0.23298,-0.484417,0.447501
pname:sto_ss_layer3_pp_inst:0_ptype:pp_pstyle:m_i:2_j:10_zone:1.0,0,0.23299,-0.46598,0.46598,0.0113574,0.232983,-0.454608,0.477323
pname:sto_ss_layer3_pp_inst:0_ptype:pp_pstyle:m_i:2_j:14_zone:1.0,0,0.23299,-0.46598,0.46598,0.00633635,0.232987,-0.459637,0.472309
pname:sto_ss_layer3_pp_inst:0_ptype:pp_pstyle:m_i:6_j:2_zone:1.0,0,0.23299,-0.46598,0.46598,-1.40691e-06,0.232983,-0.465968,0.465965
pname:sto_ss_layer3_pp_inst:0_ptype:pp_pstyle:m_i:6_j:6_zone:1.0,0,0.23299,-0.46598,0.46598,-0.000294065,0.232971,-0.466236,0.465648
pname:sto_ss_layer3_pp_inst:0_ptype:pp_pstyle:m_i:6_j:10_zone:1.0,0,0.23299,-0.46598,0.46598,-0.000475753,0.232962,-0.466399,0.465448
pname:sto_ss_layer3_pp_inst:0_ptype:pp_pstyle:m_i:6_j:14_zone:1.0,0,0.23299,-0.46598,0.46598,-0.0191384,0.232976,-0.48509,0.446814
pname:sto_ss_layer3_pp_inst:0_ptype:pp_pstyle:m_i:10_j:2_zone:1.0,0,0.23299,-0.46598,0.46598,-0.0126097,0.232972,-0.478554,0.453334
pname:sto_ss_layer3_pp_inst:0_ptype:pp_pstyle:m_i:10_j:10_zone:1.0,0,0.23299,-0.46598,0.46598,-0.000366014,0.232965,-0.466297,0.465565
pname:sto_ss_layer3_pp_inst:0_ptype:pp_pstyle:m_i:10_j:14_zone:1.0,0,0.23299,-0.46598,0.46598,5.62362e-05,0.23298,-0.465903,0.466016
pname:sto_ss_layer3_pp_inst:0_ptype:pp_pstyle:m_i:14_j:2_zone:1.0,0,0.23299,-0.46598,0.46598,-0.000131935,0.232977,-0.466086,0.465822
pname:sto_ss_layer3_pp_inst:0_ptype:pp_pstyle:m_i:14_j:10_zone:1.0,0,0.23299,-0.46598,0.46598,-0.000344244,0.232966,-0.466277,0.465588
pname:sto_ss_layer3_pp_inst:0_ptype:pp_pstyle:m_i:14_j:14_zone:1.0,0,0.23299,-0.46598,0.46598,-0.0400323,0.232973,-0.505978,0.425914
pname:sto_ss_layer3_pp_inst:0_ptype:pp_pstyle:m_i:18_j:2_zone:1.0,0,0.23299,-0.46598,0.46598,-0.000106623,0.232977,-0.466062,0.465848
pname:sto_ss_layer3_pp_inst:0_ptype:pp_pstyle:m_i:18_j:10_zone:1.0,0,0.23299,-0.46598,0.46598,-6.66916e-05,0.232966,-0.465999,0.465866
pname:sto_ss_layer3_pp_inst:0_ptype:pp_pstyle:m_i:18_j:14_zone:1.0,0,0.23299,-0.46598,0.46598,-0.0298779,0.23297,-0.495817,0.436061
pname:sto_ss_layer3_pp_inst:0_ptype:pp_pstyle:m_i:22_j:2_zone:1.0,0,0.23299,-0.46598,0.46598,5.70719e-05,0.232979,-0.465901,0.466015
pname:sto_ss_layer3_pp_inst:0_ptype:pp_pstyle:m_i:22_j:6_zone:1.0,0,0.23299,-0.46598,0.46598,-0.000419901,0.232957,-0.466335,0.465495
pname:sto_ss_layer3_pp_inst:0_ptype:pp_pstyle:m_i:22_j:10_zone:1.0,0,0.23299,-0.46598,0.46598,-0.000412987,0.232954,-0.466321,0.465495
pname:sto_ss_layer3_pp_inst:0_ptype:pp_pstyle:m_i:22_j:14_zone:1.0,0,0.23299,-0.46598,0.46598,-0.000128785,0.232972,-0.466072,0.465815
pname:sto_ss_layer3_pp_inst:0_ptype:pp_pstyle:m_i:26_j:2_zone:1.0,0,0.23299,-0.46598,0.46598,-0.000356098,0.232973,-0.466303,0.46559
pname:sto_ss_layer3_pp_inst:0_ptype:pp_pstyle:m_i:26_j:6_zone:1.0,0,0.23299,-0.46598,0.46598,-3.54198e-05,0.232963,-0.465961,0.46589
pname:sto_ss_layer3_pp_inst:0_ptype:pp_pstyle:m_i:26_j:10_zone:1.0,0,0.23299,-0.46598,0.46598,0.00326892,0.232962,-0.462656,0.469194
pname:sto_ss_layer3_pp_inst:0_ptype:pp_pstyle:m_i:26_j:14_zone:1.0,0,0.23299,-0.46598,0.46598,-0.000153148,0.232975,-0.466104,0.465798
pname:sto_ss_layer3_pp_inst:0_ptype:pp_pstyle:m_i:30_j:2_zone:1.0,0,0.23299,-0.46598,0.46598,-0.000164583,0.232977,-0.466119,0.46579
pname:sto_ss_layer3_pp_inst:0_ptype:pp_pstyle:m_i:30_j:6_zone:1.0,0,0.23299,-0.46598,0.46598,-0.0222646,0.232958,-0.48818,0.443651
pname:sto_ss_layer3_pp_inst:0_ptype:pp_pstyle:m_i:30_j:10_zone:1.0,0,0.23299,-0.46598,0.46598,5.73849e-06,0.232966,-0.465926,0.465938
pname:sto_ss_layer3_pp_inst:0_ptype:pp_pstyle:m_i:30_j:14_zone:1.0,0,0.23299,-0.46598,0.46598,1.27893e-05,0.232982,-0.46595,0.465976
pname:sto_ss_layer3_pp_inst:0_ptype:pp_pstyle:m_i:34_j:6_zone:1.0,0,0.23299,-0.46598,0.46598,-0.000315699,0.232974,-0.466264,0.465633
pname:sto_ss_layer3_pp_inst:0_ptype:pp_pstyle:m_i:34_j:10_zone:1.0,0,0.23299,-0.46598,0.46598,0.0139229,0.232978,-0.452033,0.479879
pname:sto_ss_layer3_pp_inst:0_ptype:pp_pstyle:m_i:34_j:14_zone:1.0,0,0.23299,-0.46598,0.46598,-0.00028497,0.232982,-0.466249,0.465679
pname:sto_ss_layer3_cn_inst:0_ptype:cn_pstyle:m,0,0.23299,-0.46598,0.46598,-0.000719916,0.232981,-0.466682,0.465242
pname:sto_sy_layer1_pp_inst:0_ptype:pp_pstyle:m_i:2_j:2_zone:1.0,0,0.23299,-0.46598,0.46598,0.0724063,0.206673,-0.34094,0.485753
pname:sto_sy_layer1_pp_inst:0_ptype:pp_pstyle:m_i:2_j:6_zone:1.0,0,0.23299,-0.46598,0.46598,0.0372668,0.193119,-0.348972,0.423505
pname:sto_sy_layer1_pp_inst:0_ptype:pp_pstyle:m_i:2_j:10_zone:1.0,0,0.23299,-0.46598,0.46598,0.017144,0.197269,-0.377394,0.411682
pname:sto_sy_layer1_pp_inst:0_ptype:pp_pstyle:m_i:2_j:14_zone:1.0,0,0.23299,-0.46598,0.46598,0.0371693,0.216049,-0.394929,0.469268
pname:sto_sy_layer1_pp_inst:0_ptype:pp_pstyle:m_i:6_j:2_zone:1.0,0,0.23299,-0.46598,0.46598,0.13694,0.191853,-0.246765,0.520646
pname:sto_sy_layer1_pp_inst:0_ptype:pp_pstyle:m_i:6_j:6_zone:1.0,0,0.23299,-0.46598,0.46598,0.131298,0.199808,-0.268318,0.530914
pname:sto_sy_layer1_pp_inst:0_ptype:pp_pstyle:m_i:6_j:10_zone:1.0,0,0.23299,-0.46598,0.46598,0.0244083,0.204964,-0.38552,0.434337
pname:sto_sy_layer1_pp_inst:0_ptype:pp_pstyle:m_i:6_j:14_zone:1.0,0,0.23299,-0.46598,0.46598,0.00615325,0.217821,-0.429489,0.441795
pname:sto_sy_layer1_pp_inst:0_ptype:pp_pstyle:m_i:10_j:2_zone:1.0,0,0.23299,-0.46598,0.46598,0.0413562,0.216102,-0.390847,0.47356
pname:sto_sy_layer1_pp_inst:0_ptype:pp_pstyle:m_i:10_j:10_zone:1.0,0,0.23299,-0.46598,0.46598,-0.0478041,0.213629,-0.475061,0.379453
pname:sto_sy_layer1_pp_inst:0_ptype:pp_pstyle:m_i:10_j:14_zone:1.0,0,0.23299,-0.46598,0.46598,-0.0485858,0.221747,-0.492079,0.394908
pname:sto_sy_layer1_pp_inst:0_ptype:pp_pstyle:m_i:14_j:2_zone:1.0,0,0.23299,-0.46598,0.46598,0.00716108,0.227849,-0.448538,0.46286
pname:sto_sy_layer1_pp_inst:0_ptype:pp_pstyle:m_i:14_j:10_zone:1.0,0,0.23299,-0.46598,0.46598,0.0190048,0.220703,-0.422401,0.46041
pname:sto_sy_layer1_pp_inst:0_ptype:pp_pstyle:m_i:14_j:14_zone:1.0,0,0.23299,-0.46598,0.46598,-0.0110162,0.225488,-0.461992,0.43996
pname:sto_sy_layer1_pp_inst:0_ptype:pp_pstyle:m_i:18_j:2_zone:1.0,0,0.23299,-0.46598,0.46598,-0.012475,0.226963,-0.466402,0.441452
pname:sto_sy_layer1_pp_inst:0_ptype:pp_pstyle:m_i:18_j:10_zone:1.0,0,0.23299,-0.46598,0.46598,-0.00987306,0.22622,-0.462313,0.442567
pname:sto_sy_layer1_pp_inst:0_ptype:pp_pstyle:m_i:18_j:14_zone:1.0,0,0.23299,-0.46598,0.46598,-0.0132028,0.227191,-0.467585,0.441179
pname:sto_sy_layer1_pp_inst:0_ptype:pp_pstyle:m_i:22_j:2_zone:1.0,0,0.23299,-0.46598,0.46598,-0.0138742,0.213477,-0.440828,0.41308
pname:sto_sy_layer1_pp_inst:0_ptype:pp_pstyle:m_i:22_j:6_zone:1.0,0,0.23299,-0.46598,0.46598,0.0178772,0.210393,-0.402909,0.438663
pname:sto_sy_layer1_pp_inst:0_ptype:pp_pstyle:m_i:22_j:10_zone:1.0,0,0.23299,-0.46598,0.46598,-0.0287385,0.21797,-0.464678,0.407201
pname:sto_sy_layer1_pp_inst:0_ptype:pp_pstyle:m_i:22_j:14_zone:1.0,0,0.23299,-0.46598,0.46598,-0.0345394,0.22587,-0.48628,0.417201
pname:sto_sy_layer1_pp_inst:0_ptype:pp_pstyle:m_i:26_j:2_zone:1.0,0,0.23299,-0.46598,0.46598,0.0481307,0.201298,-0.354465,0.450727
pname:sto_sy_layer1_pp_inst:0_ptype:pp_pstyle:m_i:26_j:6_zone:1.0,0,0.23299,-0.46598,0.46598,0.0426961,0.152846,-0.262996,0.348388
pname:sto_sy_layer1_pp_inst:0_ptype:pp_pstyle:m_i:26_j:10_zone:1.0,0,0.23299,-0.46598,0.46598,-0.0482798,0.212298,-0.472875,0.376315
pname:sto_sy_layer1_pp_inst:0_ptype:pp_pstyle:m_i:26_j:14_zone:1.0,0,0.23299,-0.46598,0.46598,0.0173053,0.223643,-0.429981,0.464592
pname:sto_sy_layer1_pp_inst:0_ptype:pp_pstyle:m_i:30_j:2_zone:1.0,0,0.23299,-0.46598,0.46598,0.0722447,0.202117,-0.331989,0.476479
pname:sto_sy_layer1_pp_inst:0_ptype:pp_pstyle:m_i:30_j:6_zone:1.0,0,0.23299,-0.46598,0.46598,0.0694996,0.192466,-0.315432,0.454431
pname:sto_sy_layer1_pp_inst:0_ptype:pp_pstyle:m_i:30_j:10_zone:1.0,0,0.23299,-0.46598,0.46598,0.0691751,0.201978,-0.334781,0.473131
pname:sto_sy_layer1_pp_inst:0_ptype:pp_pstyle:m_i:30_j:14_zone:1.0,0,0.23299,-0.46598,0.46598,-0.0926707,0.216084,-0.524839,0.339498
pname:sto_sy_layer1_pp_inst:0_ptype:pp_pstyle:m_i:34_j:6_zone:1.0,0,0.23299,-0.46598,0.46598,0.024348,0.215005,-0.405662,0.454358
pname:sto_sy_layer1_pp_inst:0_ptype:pp_pstyle:m_i:34_j:10_zone:1.0,0,0.23299,-0.46598,0.46598,-0.0265987,0.210824,-0.448246,0.395049
pname:sto_sy_layer1_pp_inst:0_ptype:pp_pstyle:m_i:34_j:14_zone:1.0,0,0.23299,-0.46598,0.46598,-0.0521698,0.217938,-0.488045,0.383706
pname:sto_sy_layer1_cn_inst:0_ptype:cn_pstyle:m,0,0.23299,-0.46598,0.46598,-0.026217,0.101516,-0.229249,0.176815
pname:ne_layer1_pp_inst:0_ptype:pp_pstyle:m_i:2_j:2_zone:1.0,0,0.23299,-0.46598,0.46598,0,0.23299,-0.46598,0.46598
pname:ne_layer1_pp_inst:0_ptype:pp_pstyle:m_i:2_j:6_zone:1.0,0,0.23299,-0.46598,0.46598,0,0.23299,-0.46598,0.46598
pname:ne_layer1_pp_inst:0_ptype:pp_pstyle:m_i:2_j:10_zone:1.0,0,0.23299,-0.46598,0.46598,0,0.23299,-0.46598,0.46598
pname:ne_layer1_pp_inst:0_ptype:pp_pstyle:m_i:2_j:14_zone:1.0,0,0.23299,-0.46598,0.46598,0,0.23299,-0.46598,0.46598
pname:ne_layer1_pp_inst:0_ptype:pp_pstyle:m_i:6_j:2_zone:1.0,0,0.23299,-0.46598,0.46598,0,0.23299,-0.46598,0.46598
pname:ne_layer1_pp_inst:0_ptype:pp_pstyle:m_i:6_j:6_zone:1.0,0,0.23299,-0.46598,0.46598,0,0.23299,-0.46598,0.46598
pname:ne_layer1_pp_inst:0_ptype:pp_pstyle:m_i:6_j:10_zone:1.0,0,0.23299,-0.46598,0.46598,0,0.23299,-0.46598,0.46598
pname:ne_layer1_pp_inst:0_ptype:pp_pstyle:m_i:6_j:14_zone:1.0,0,0.23299,-0.46598,0.46598,0,0.23299,-0.46598,0.46598
pname:ne_layer1_pp_inst:0_ptype:pp_pstyle:m_i:10_j:2_zone:1.0,0,0.23299,-0.46598,0.46598,0,0.23299,-0.46598,0.46598
pname:ne_layer1_pp_inst:0_ptype:pp_pstyle:m_i:10_j:10_zone:1.0,0,0.23299,-0.46598,0.46598,0,0.23299,-0.46598,0.46598
pname:ne_layer1_pp_inst:0_ptype:pp_pstyle:m_i:10_j:14_zone:1.0,0,0.23299,-0.46598,0.46598,0,0.23299,-0.46598,0.46598
pname:ne_layer1_pp_inst:0_ptype:pp_pstyle:m_i:14_j:2_zone:1.0,0,0.23299,-0.46598,0.46598,0,0.23299,-0.46598,0.46598
pname:ne_layer1_pp_inst:0_ptype:pp_pstyle:m_i:14_j:10_zone:1.0,0,0.23299,-0.46598,0.46598,0,0.23299,-0.46598,0.46598
pname:ne_layer1_pp_inst:0_ptype:pp_pstyle:m_i:14_j:14_zone:1.0,0,0.23299,-0.46598,0.46598,0,0.23299,-0.46598,0.46598
pname:ne_layer1_pp_inst:0_ptype:pp_pstyle:m_i:18_j:2_zone:1.0,0,0.23299,-0.46598,0.46598,0,0.23299,-0.46598,0.46598
pname:ne_layer1_pp_inst:0_ptype:pp_pstyle:m_i:18_j:10_zone:1.0,0,0.23299,-0.46598,0.46598,0,0.23299,-0.46598,0.46598
pname:ne_layer1_pp_inst:0_ptype:pp_pstyle:m_i:18_j:14_zone:1.0,0,0.23299,-0.46598,0.46598,0,0.23299,-0.46598,0.46598
pname:ne_layer1_pp_inst:0_ptype:pp_pstyle:m_i:22_j:2_zone:1.0,0,0.23299,-0.46598,0.46598,0,0.23299,-0.46598,0.46598
pname:ne_layer1_pp_inst:0_ptype:pp_pstyle:m_i:22_j:6_zone:1.0,0,0.23299,-0.46598,0.46598,0,0.23299,-0.46598,0.46598
pname:ne_layer1_pp_inst:0_ptype:pp_pstyle:m_i:22_j:10_zone:1.0,0,0.23299,-0.46598,0.46598,0,0.23299,-0.46598,0.46598
pname:ne_layer1_pp_inst:0_ptype:pp_pstyle:m_i:22_j:14_zone:1.0,0,0.23299,-0.46598,0.46598,0,0.23299,-0.46598,0.46598
pname:ne_layer1_pp_inst:0_ptype:pp_pstyle:m_i:26_j:2_zone:1.0,0,0.23299,-0.46598,0.46598,0,0.23299,-0.46598,0.46598
pname:ne_layer1_pp_inst:0_ptype:pp_pstyle:m_i:26_j:6_zone:1.0,0,0.23299,-0.46598,0.46598,0,0.23299,-0.46598,0.46598
pname:ne_layer1_pp_inst:0_ptype:pp_pstyle:m_i:26_j:10_zone:1.0,0,0.23299,-0.46598,0.46598,0,0.23299,-0.46598,0.46598
pname:ne_layer1_pp_inst:0_ptype:pp_pstyle:m_i:26_j:14_zone:1.0,0,0.23299,-0.46598,0.46598,0,0.23299,-0.46598,0.46598
pname:ne_layer1_pp_inst:0_ptype:pp_pstyle:m_i:30_j:2_zone:1.0,0,0.23299,-0.46598,0.46598,0,0.23299,-0.46598,0.46598
pname:ne_layer1_pp_inst:0_ptype:pp_pstyle:m_i:30_j:6_zone:1.0,0,0.23299,-0.46598,0.46598,0,0.23299,-0.46598,0.46598
pname:ne_layer1_pp_inst:0_ptype:pp_pstyle:m_i:30_j:10_zone:1.0,0,0.23299,-0.46598,0.46598,0,0.23299,-0.46598,0.46598
pname:ne_layer1_pp_inst:0_ptype:pp_pstyle:m_i:30_j:14_zone:1.0,0,0.23299,-0.46598,0.46598,0,0.23299,-0.46598,0.46598
pname:ne_layer1_pp_inst:0_ptype:pp_pstyle:m_i:34_j:6_zone:1.0,0,0.23299,-0.46598,0.46598,0,0.23299,-0.46598,0.46598
pname:ne_layer1_pp_inst:0_ptype:pp_pstyle:m_i:34_j:10_zone:1.0,0,0.23299,-0.46598,0.46598,0,0.23299,-0.46598,0.46598
pname:ne_layer1_pp_inst:0_ptype:pp_pstyle:m_i:34_j:14_zone:1.0,0,0.23299,-0.46598,0.46598,0,0.23299,-0.46598,0.46598
pname:ne_layer1_cn_inst:0_ptype:cn_pstyle:m,0,0.23299,-0.46598,0.46598,0,0.23299,-0.46598,0.46598
pname:ne_layer2_pp_inst:0_ptype:pp_pstyle:m_i:2_j:2_zone:1.0,0,0.23299,-0.46598,0.46598,0,0.23299,-0.46598,0.46598
pname:ne_layer2_pp_inst:0_ptype:pp_pstyle:m_i:2_j:6_zone:1.0,0,0.23299,-0.46598,0.46598,0,0.23299,-0.46598,0.46598
pname:ne_layer2_pp_inst:0_ptype:pp_pstyle:m_i:2_j:10_zone:1.0,0,0.23299,-0.46598,0.46598,0,0.23299,-0.46598,0.46598
pname:ne_layer2_pp_inst:0_ptype:pp_pstyle:m_i:2_j:14_zone:1.0,0,0.23299,-0.46598,0.46598,0,0.23299,-0.46598,0.46598
pname:ne_layer2_pp_inst:0_ptype:pp_pstyle:m_i:6_j:2_zone:1.0,0,0.23299,-0.46598,0.46598,0,0.23299,-0.46598,0.46598
pname:ne_layer2_pp_inst:0_ptype:pp_pstyle:m_i:6_j:6_zone:1.0,0,0.23299,-0.46598,0.46598,0,0.23299,-0.46598,0.46598
pname:ne_layer2_pp_inst:0_ptype:pp_pstyle:m_i:6_j:10_zone:1.0,0,0.23299,-0.46598,0.46598,0,0.23299,-0.46598,0.46598
pname:ne_layer2_pp_inst:0_ptype:pp_pstyle:m_i:6_j:14_zone:1.0,0,0.23299,-0.46598,0.46598,0,0.23299,-0.46598,0.46598
pname:ne_layer2_pp_inst:0_ptype:pp_pstyle:m_i:10_j:2_zone:1.0,0,0.23299,-0.46598,0.46598,0,0.23299,-0.46598,0.46598
pname:ne_layer2_pp_inst:0_ptype:pp_pstyle:m_i:10_j:10_zone:1.0,0,0.23299,-0.46598,0.46598,0,0.23299,-0.46598,0.46598
pname:ne_layer2_pp_inst:0_ptype:pp_pstyle:m_i:10_j:14_zone:1.0,0,0.23299,-0.46598,0.46598,0,0.23299,-0.46598,0.46598
pname:ne_layer2_pp_inst:0_ptype:pp_pstyle:m_i:14_j:2_zone:1.0,0,0.23299,-0.46598,0.46598,0,0.23299,-0.46598,0.46598
pname:ne_layer2_pp_inst:0_ptype:pp_pstyle:m_i:14_j:10_zone:1.0,0,0.23299,-0.46598,0.46598,0,0.23299,-0.46598,0.46598
pname:ne_layer2_pp_inst:0_ptype:pp_pstyle:m_i:14_j:14_zone:1.0,0,0.23299,-0.46598,0.46598,0,0.23299,-0.46598,0.46598
pname:ne_layer2_pp_inst:0_ptype:pp_pstyle:m_i:18_j:2_zone:1.0,0,0.23299,-0.46598,0.46598,0,0.23299,-0.46598,0.46598
pname:ne_layer2_pp_inst:0_ptype:pp_pstyle:m_i:18_j:10_zone:1.0,0,0.23299,-0.46598,0.46598,0,0.23299,-0.46598,0.46598
pname:ne_layer2_pp_inst:0_ptype:pp_pstyle:m_i:18_j:14_zone:1.0,0,0.23299,-0.46598,0.46598,0,0.23299,-0.46598,0.46598
pname:ne_layer2_pp_inst:0_ptype:pp_pstyle:m_i:22_j:2_zone:1.0,0,0.23299,-0.46598,0.46598,0,0.23299,-0.46598,0.46598
pname:ne_layer2_pp_inst:0_ptype:pp_pstyle:m_i:22_j:6_zone:1.0,0,0.23299,-0.46598,0.46598,0,0.23299,-0.46598,0.46598
pname:ne_layer2_pp_inst:0_ptype:pp_pstyle:m_i:22_j:10_zone:1.0,0,0.23299,-0.46598,0.46598,0,0.23299,-0.46598,0.46598
pname:ne_layer2_pp_inst:0_ptype:pp_pstyle:m_i:22_j:14_zone:1.0,0,0.23299,-0.46598,0.46598,0,0.23299,-0.46598,0.46598
pname:ne_layer2_pp_inst:0_ptype:pp_pstyle:m_i:26_j:2_zone:1.0,0,0.23299,-0.46598,0.46598,0,0.23299,-0.46598,0.46598
pname:ne_layer2_pp_inst:0_ptype:pp_pstyle:m_i:26_j:6_zone:1.0,0,0.23299,-0.46598,0.46598,0,0.23299,-0.46598,0.46598
pname:ne_layer2_pp_inst:0_ptype:pp_pstyle:m_i:26_j:10_zone:1.0,0,0.23299,-0.46598,0.46598,0,0.23299,-0.46598,0.46598
pname:ne_layer2_pp_inst:0_ptype:pp_pstyle:m_i:26_j:14_zone:1.0,0,0.23299,-0.46598,0.46598,0,0.23299,-0.46598,0.46598
pname:ne_layer2_pp_inst:0_ptype:pp_pstyle:m_i:30_j:2_zone:1.0,0,0.23299,-0.46598,0.46598,0,0.23299,-0.46598,0.46598
pname:ne_layer2_pp_inst:0_ptype:pp_pstyle:m_i:30_j:6_zone:1.0,0,0.23299,-0.46598,0.46598,0,0.23299,-0.46598,0.46598
pname:ne_layer2_pp_inst:0_ptype:pp_pstyle:m_i:30_j:10_zone:1.0,0,0.23299,-0.46598,0.46598,0,0.23299,-0.46598,0.46598
pname:ne_layer2_pp_inst:0_ptype:pp_pstyle:m_i:30_j:14_zone:1.0,0,0.23299,-0.46598,0.46598,0,0.23299,-0.46598,0.46598
pname:ne_layer2_pp_inst:0_ptype:pp_pstyle:m_i:34_j:6_zone:1.0,0,0.23299,-0.46598,0.46598,0,0.23299,-0.46598,0.46598
pname:ne_layer2_pp_inst:0_ptype:pp_pstyle:m_i:34_j:10_zone:1.0,0,0.23299,-0.46598,0.46598,0,0.23299,-0.46598,0.46598
pname:ne_layer2_pp_inst:0_ptype:pp_pstyle:m_i:34_j:14_zone:1.0,0,0.23299,-0.46598,0.46598,0,0.23299,-0.46598,0.46598
pname:ne_layer2_cn_inst:0_ptype:cn_pstyle:m,0,0.23299,-0.46598,0.46598,0,0.23299,-0.46598,0.46598
pname:ne_layer3_pp_inst:0_ptype:pp_pstyle:m_i:2_j:2_zone:1.0,0,0.23299,-0.46598,0.46598,0,0.23299,-0.46598,0.46598
pname:ne_layer3_pp_inst:0_ptype:pp_pstyle:m_i:2_j:6_zone:1.0,0,0.23299,-0.46598,0.46598,0,0.23299,-0.46598,0.46598
pname:ne_layer3_pp_inst:0_ptype:pp_pstyle:m_i:2_j:10_zone:1.0,0,0.23299,-0.46598,0.46598,0,0.23299,-0.46598,0.46598
pname:ne_layer3_pp_inst:0_ptype:pp_pstyle:m_i:2_j:14_zone:1.0,0,0.23299,-0.46598,0.46598,0,0.23299,-0.46598,0.46598
pname:ne_layer3_pp_inst:0_ptype:pp_pstyle:m_i:6_j:2_zone:1.0,0,0.23299,-0.46598,0.46598,0,0.23299,-0.46598,0.46598
pname:ne_layer3_pp_inst:0_ptype:pp_pstyle:m_i:6_j:6_zone:1.0,0,0.23299,-0.46598,0.46598,0,0.23299,-0.46598,0.46598
pname:ne_layer3_pp_inst:0_ptype:pp_pstyle:m_i:6_j:10_zone:1.0,0,0.23299,-0.46598,0.46598,0,0.23299,-0.46598,0.46598
pname:ne_layer3_pp_inst:0_ptype:pp_pstyle:m_i:6_j:14_zone:1.0,0,0.23299,-0.46598,0.46598,0,0.23299,-0.46598,0.46598
pname:ne_layer3_pp_inst:0_ptype:pp_pstyle:m_i:10_j:2_zone:1.0,0,0.23299,-0.46598,0.46598,0,0.23299,-0.46598,0.46598
pname:ne_layer3_pp_inst:0_ptype:pp_pstyle:m_i:10_j:10_zone:1.0,0,0.23299,-0.46598,0.46598,0,0.23299,-0.46598,0.46598
pname:ne_layer3_pp_inst:0_ptype:pp_pstyle:m_i:10_j:14_zone:1.0,0,0.23299,-0.46598,0.46598,0,0.23299,-0.46598,0.46598
pname:ne_layer3_pp_inst:0_ptype:pp_pstyle:m_i:14_j:2_zone:1.0,0,0.23299,-0.46598,0.46598,0,0.23299,-0.46598,0.46598
pname:ne_layer3_pp_inst:0_ptype:pp_pstyle:m_i:14_j:10_zone:1.0,0,0.23299,-0.46598,0.46598,0,0.23299,-0.46598,0.46598
pname:ne_layer3_pp_inst:0_ptype:pp_pstyle:m_i:14_j:14_zone:1.0,0,0.23299,-0.46598,0.46598,0,0.23299,-0.46598,0.46598
pname:ne_layer3_pp_inst:0_ptype:pp_pstyle:m_i:18_j:2_zone:1.0,0,0.23299,-0.46598,0.46598,0,0.23299,-0.46598,0.46598
pname:ne_layer3_pp_inst:0_ptype:pp_pstyle:m_i:18_j:10_zone:1.0,0,0.23299,-0.46598,0.46598,0,0.23299,-0.46598,0.46598
pname:ne_layer3_pp_inst:0_ptype:pp_pstyle:m_i:18_j:14_zone:1.0,0,0.23299,-0.46598,0.46598,0,0.23299,-0.46598,0.46598
pname:ne_layer3_pp_inst:0_ptype:pp_pstyle:m_i:22_j:2_zone:1.0,0,0.23299,-0.46598,0.46598,0,0.23299,-0.46598,0.46598
pname:ne_layer3_pp_inst:0_ptype:pp_pstyle:m_i:22_j:6_zone:1.0,0,0.23299,-0.46598,0.46598,0,0.23299,-0.46598,0.46598
pname:ne_layer3_pp_inst:0_ptype:pp_pstyle:m_i:22_j:10_zone:1.0,0,0.23299,-0.46598,0.46598,0,0.23299,-0.46598,0.46598
pname:ne_layer3_pp_inst:0_ptype:pp_pstyle:m_i:22_j:14_zone:1.0,0,0.23299,-0.46598,0.46598,0,0.23299,-0.46598,0.46598
pname:ne_layer3_pp_inst:0_ptype:pp_pstyle:m_i:26_j:2_zone:1.0,0,0.23299,-0.46598,0.46598,0,0.23299,-0.46598,0.46598
pname:ne_layer3_pp_inst:0_ptype:pp_pstyle:m_i:26_j:6_zone:1.0,0,0.23299,-0.46598,0.46598,0,0.23299,-0.46598,0.46598
pname:ne_layer3_pp_inst:0_ptype:pp_pstyle:m_i:26_j:10_zone:1.0,0,0.23299,-0.46598,0.46598,0,0.23299,-0.46598,0.46598
pname:ne_layer3_pp_inst:0_ptype:pp_pstyle:m_i:26_j:14_zone:1.0,0,0.23299,-0.46598,0.46598,0,0.23299,-0.46598,0.46598
pname:ne_layer3_pp_inst:0_ptype:pp_pstyle:m_i:30_j:2_zone:1.0,0,0.23299,-0.46598,0.46598,0,0.23299,-0.46598,0.46598
pname:ne_layer3_pp_inst:0_ptype:pp_pstyle:m_i:30_j:6_zone:1.0,0,0.23299,-0.46598,0.46598,0,0.23299,-0.46598,0.46598
pname:ne_layer3_pp_inst:0_ptype:pp_pstyle:m_i:30_j:10_zone:1.0,0,0.23299,-0.46598,0.46598,0,0.23299,-0.46598,0.46598
pname:ne_layer3_pp_inst:0_ptype:pp_pstyle:m_i:30_j:14_zone:1.0,0,0.23299,-0.46598,0.46598,0,0.23299,-0.46598,0.46598
pname:ne_layer3_pp_inst:0_ptype:pp_pstyle:m_i:34_j:6_zone:1.0,0,0.23299,-0.46598,0.46598,0,0.23299,-0.46598,0.46598
pname:ne_layer3_pp_inst:0_ptype:pp_pstyle:m_i:34_j:10_zone:1.0,0,0.23299,-0.46598,0.46598,0,0.23299,-0.46598,0.46598
pname:ne_layer3_pp_inst:0_ptype:pp_pstyle:m_i:34_j:14_zone:1.0,0,0.23299,-0.46598,0.46598,0,0.23299,-0.46598,0.46598
pname:ne_layer3_cn_inst:0_ptype:cn_pstyle:m,0,0.23299,-0.46598,0.46598,0,0.23299,-0.46598,0.46598
pname:rch_recharge_1_tcn_inst:0_ptype:cn_pstyle:m,0,0.0795202,-0.15904,0.15904,0.0932155,0.0769019,-0.0605883,0.247019
pname:rch_recharge_10_tcn_inst:0_ptype:cn_pstyle:m,0,0.0795202,-0.15904,0.15904,0.176091,0.0754672,0.0251569,0.327026
pname:rch_recharge_11_tcn_inst:0_ptype:cn_pstyle:m,0,0.0795202,-0.15904,0.15904,0.176091,0.0690946,0.0379021,0.31428
pname:rch_recharge_12_tcn_inst:0_ptype:cn_pstyle:m,0,0.0795202,-0.15904,0.15904,0.0194163,0.0659033,-0.11239,0.151223
pname:rch_recharge_13_tcn_inst:0_ptype:cn_pstyle:m,0,0.0795202,-0.15904,0.15904,-0.068354,0.0657622,-0.199878,0.0631704
pname:rch_recharge_14_tcn_inst:0_ptype:cn_pstyle:m,0,0.0795202,-0.15904,0.15904,0,0.0795202,-0.15904,0.15904
pname:rch_recharge_15_tcn_inst:0_ptype:cn_pstyle:m,0,0.0795202,-0.15904,0.15904,0,0.0795202,-0.15904,0.15904
pname:rch_recharge_16_tcn_inst:0_ptype:cn_pstyle:m,0,0.0795202,-0.15904,0.15904,0,0.0795202,-0.15904,0.15904
pname:rch_recharge_17_tcn_inst:0_ptype:cn_pstyle:m,0,0.0795202,-0.15904,0.15904,0,0.0795202,-0.15904,0.15904
pname:rch_recharge_18_tcn_inst:0_ptype:cn_pstyle:m,0,0.0795202,-0.15904,0.15904,0,0.0795202,-0.15904,0.15904
pname:rch_recharge_19_tcn_inst:0_ptype:cn_pstyle:m,0,0.0795202,-0.15904,0.15904,0,0.0795202,-0.15904,0.15904
pname:rch_recharge_2_tcn_inst:0_ptype:cn_pstyle:m,0,0.0795202,-0.15904,0.15904,0.00357102,0.0633048,-0.123039,0.130181
pname:rch_recharge_20_tcn_inst:0_ptype:cn_pstyle:m,0,0.0795202,-0.15904,0.15904,0,0.0795202,-0.15904,0.15904
pname:rch_recharge_21_tcn_inst:0_ptype:cn_pstyle:m,0,0.0795202,-0.15904,0.15904,0,0.0795202,-0.15904,0.15904
pname:rch_recharge_22_tcn_inst:0_ptype:cn_pstyle:m,0,0.0795202,-0.15904,0.15904,0,0.0795202,-0.15904,0.15904
pname:rch_recharge_23_tcn_inst:0_ptype:cn_pstyle:m,0,0.0795202,-0.15904,0.15904,0,0.0795202,-0.15904,0.15904
pname:rch_recharge_24_tcn_inst:0_ptype:cn_pstyle:m,0,0.0795202,-0.15904,0.15904,0,0.0795202,-0.15904,0.15904
pname:rch_recharge_25_tcn_inst:0_ptype:cn_pstyle:m,0,0.0795202,-0.15904,0.15904,0,0.0795202,-0.15904,0.15904
pname:rch_recharge_3_tcn_inst:0_ptype:cn_pstyle:m,0,0.0795202,-0.15904,0.15904,-0.14548,0.0654493,-0.276379,-0.0145816
pname:rch_recharge_4_tcn_inst:0_ptype:cn_pstyle:m,0,0.0795202,-0.15904,0.15904,0.161736,0.0530733,0.0555891,0.267882
pname:rch_recharge_5_tcn_inst:0_ptype:cn_pstyle:m,0,0.0795202,-0.15904,0.15904,-0.189868,0.0613694,-0.312607,-0.0671296
pname:rch_recharge_6_tcn_inst:0_ptype:cn_pstyle:m,0,0.0795202,-0.15904,0.15904,0.176091,0.0693446,0.0374022,0.31478
pname:rch_recharge_7_tcn_inst:0_ptype:cn_pstyle:m,0,0.0795202,-0.15904,0.15904,-0.148374,0.0735549,-0.295484,-0.00126424
pname:rch_recharge_8_tcn_inst:0_ptype:cn_pstyle:m,0,0.0795202,-0.15904,0.15904,-0.0407852,0.0758503,-0.192486,0.110915
pname:rch_recharge_9_tcn_inst:0_ptype:cn_pstyle:m,0,0.0795202,-0.15904,0.15904,0.123524,0.077707,-0.0318896,0.278938
pname:ghbcond_cn_inst:0_ptype:cn_usecol:4_pstyle:m,0,0.333333,-0.666667,0.666667,-0.351093,0.280721,-0.912535,0.210349
pname:ghbhead_cn_inst:0_ptype:cn_usecol:3_pstyle:a,10,0.666667,8.66667,11.3333,10.1022,0.295123,9.51196,10.6924
pname:wel_cst_inst:0_ptype:cn_usecol:3_pstyle:m,0,0.0795202,-0.15904,0.15904,0.138325,0.0781085,-0.0178917,0.294542
pname:wel_cst_inst:1_ptype:cn_usecol:3_pstyle:m,0,0.0795202,-0.15904,0.15904,0.151808,0.0693867,0.0130345,0.290581
pname:wel_cst_inst:2_ptype:cn_usecol:3_pstyle:m,0,0.0795202,-0.15904,0.15904,-0.138586,0.0706989,-0.279984,0.00281157
pname:wel_cst_inst:3_ptype:cn_usecol:3_pstyle:m,0,0.0795202,-0.15904,0.15904,0.0498786,0.073728,-0.0975774,0.197335
pname:wel_cst_inst:4_ptype:cn_usecol:3_pstyle:m,0,0.0795202,-0.15904,0.15904,-0.30103,0.0769183,-0.454867,-0.147193
pname:wel_cst_inst:5_ptype:cn_usecol:3_pstyle:m,0,0.0795202,-0.15904,0.15904,0,0.0786043,-0.157209,0.157209
pname:wel_cst_inst:6_ptype:cn_usecol:3_pstyle:m,0,0.0795202,-0.15904,0.15904,0,0.0791613,-0.158323,0.158323
pname:wel_cst_inst:7_ptype:cn_usecol:3_pstyle:m,0,0.0795202,-0.15904,0.15904,0,0.0793927,-0.158785,0.158785
pname:wel_cst_inst:8_ptype:cn_usecol:3_pstyle:m,0,0.0795202,-0.15904,0.15904,0,0.0794733,-0.158947,0.158947
pname:wel_cst_inst:9_ptype:cn_usecol:3_pstyle:m,0,0.0795202,-0.15904,0.15904,0,0.0795035,-0.159007,0.159007
pname:wel_cst_inst:10_ptype:cn_usecol:3_pstyle:m,0,0.0795202,-0.15904,0.15904,0,0.0795141,-0.159028,0.159028
pname:wel_cst_inst:11_ptype:cn_usecol:3_pstyle:m,0,0.0795202,-0.15904,0.15904,-0.146221,0.0785852,-0.303391,0.0109498
pname:wel_cst_inst:12_ptype:cn_usecol:3_pstyle:m,0,0.0795202,-0.15904,0.15904,0,0.079518,-0.159036,0.159036
pname:wel_cst_inst:13_ptype:cn_usecol:3_pstyle:m,0,0.0795202,-0.15904,0.15904,0,0.0795194,-0.159039,0.159039
pname:wel_cst_inst:14_ptype:cn_usecol:3_pstyle:m,0,0.0795202,-0.15904,0.15904,0,0.0795199,-0.15904,0.15904
pname:wel_cst_inst:15_ptype:cn_usecol:3_pstyle:m,0,0.0795202,-0.15904,0.15904,0,0.0795201,-0.15904,0.15904
pname:wel_cst_inst:16_ptype:cn_usecol:3_pstyle:m,0,0.0795202,-0.15904,0.15904,0,0.0795202,-0.15904,0.15904
pname:wel_cst_inst:17_ptype:cn_usecol:3_pstyle:m,0,0.0795202,-0.15904,0.15904,0,0.0795202,-0.15904,0.15904
pname:wel_cst_inst:18_ptype:cn_usecol:3_pstyle:m,0,0.0795202,-0.15904,0.15904,-0.00379872,0.078434,-0.160667,0.153069
pname:wel_cst_inst:19_ptype:cn_usecol:3_pstyle:m,0,0.0795202,-0.15904,0.15904,0.176091,0.0773443,0.0214027,0.33078
pname:wel_cst_inst:20_ptype:cn_usecol:3_pstyle:m,0,0.0795202,-0.15904,0.15904,-0.30103,0.0752783,-0.451587,-0.150473
pname:wel_cst_inst:21_ptype:cn_usecol:3_pstyle:m,0,0.0795202,-0.15904,0.15904,0.00785363,0.0729952,-0.138137,0.153844
pname:wel_cst_inst:22_ptype:cn_usecol:3_pstyle:m,0,0.0795202,-0.15904,0.15904,-0.0355639,0.0747343,-0.185033,0.113905
pname:wel_cst_inst:23_ptype:cn_usecol:3_pstyle:m,0,0.0795202,-0.15904,0.15904,-0.0802813,0.0765519,-0.233385,0.0728225
pname:wel_cst_inst:24_ptype:cn_usecol:3_pstyle:m,0,0.0795202,-0.15904,0.15904,0.172028,0.0724953,0.0270376,0.317019
pname:sfrcond_gr_inst:0_ptype:gr_usecol:9_pstyle:m_idx0:8_idx1:8_idx2:15,0,0.333333,-0.666667,0.666667,-0.0260419,0.287009,-0.60006,0.547976
pname:sfrcond_gr_inst:0_ptype:gr_usecol:9_pstyle:m_idx0:22_idx1:22_idx2:15,0,0.333333,-0.666667,0.666667,0.0802192,0.303637,-0.527055,0.687493
pname:sfrcond_gr_inst:0_ptype:gr_usecol:9_pstyle:m_idx0:15_idx1:15_idx2:15,0,0.333333,-0.666667,0.666667,-0.031144,0.307566,-0.646277,0.583989
pname:sfrcond_gr_inst:0_ptype:gr_usecol:9_pstyle:m_idx0:31_idx1:31_idx2:15,0,0.333333,-0.666667,0.666667,-0.65816,0.264182,-1.18652,-0.129795
pname:sfrcond_gr_inst:0_ptype:gr_usecol:9_pstyle:m_idx0:9_idx1:9_idx2:15,0,0.333333,-0.666667,0.666667,0.0359858,0.289121,-0.542257,0.614228
pname:sfrcond_gr_inst:0_ptype:gr_usecol:9_pstyle:m_idx0:21_idx1:21_idx2:15,0,0.333333,-0.666667,0.666667,-0.164349,0.300503,-0.765355,0.436657
pname:sfrcond_gr_inst:0_ptype:gr_usecol:9_pstyle:m_idx0:16_idx1:16_idx2:15,0,0.333333,-0.666667,0.666667,0.117312,0.309526,-0.50174,0.736365
pname:sfrcond_gr_inst:0_ptype:gr_usecol:9_pstyle:m_idx0:30_idx1:30_idx2:15,0,0.333333,-0.666667,0.666667,0.01482,0.279457,-0.544094,0.573734
pname:sfrcond_gr_inst:0_ptype:gr_usecol:9_pstyle:m_idx0:23_idx1:23_idx2:15,0,0.333333,-0.666667,0.666667,-0.0294506,0.304018,-0.637487,0.578585
pname:sfrcond_gr_inst:0_ptype:gr_usecol:9_pstyle:m_idx0:32_idx1:32_idx2:15,0,0.333333,-0.666667,0.666667,-0.0740346,0.260779,-0.595592,0.447523
pname:sfrcond_gr_inst:0_ptype:gr_usecol:9_pstyle:m_idx0:11_idx1:11_idx2:15,0,0.333333,-0.666667,0.666667,0.294159,0.295202,-0.296246,0.884564
pname:sfrcond_gr_inst:0_ptype:gr_usecol:9_pstyle:m_idx0:19_idx1:19_idx2:15,0,0.333333,-0.666667,0.666667,0.144296,0.310378,-0.476459,0.765051
pname:sfrcond_gr_inst:0_ptype:gr_usecol:9_pstyle:m_idx0:17_idx1:17_idx2:15,0,0.333333,-0.666667,0.666667,0.00326573,0.310976,-0.618687,0.625219
pname:sfrcond_gr_inst:0_ptype:gr_usecol:9_pstyle:m_idx0:29_idx1:29_idx2:15,0,0.333333,-0.666667,0.666667,-0.491993,0.28628,-1.06455,0.0805667
pname:sfrcond_gr_inst:0_ptype:gr_usecol:9_pstyle:m_idx0:24_idx1:24_idx2:15,0,0.333333,-0.666667,0.666667,-0.0122999,0.302462,-0.617224,0.592624
pname:sfrcond_gr_inst:0_ptype:gr_usecol:9_pstyle:m_idx0:33_idx1:33_idx2:15,0,0.333333,-0.666667,0.666667,0.181242,0.270956,-0.36067,0.723155
pname:sfrcond_gr_inst:0_ptype:gr_usecol:9_pstyle:m_idx0:38_idx1:38_idx2:15,0,0.333333,-0.666667,0.666667,0.0774436,0.30835,-0.539257,0.694144
pname:sfrcond_gr_inst:0_ptype:gr_usecol:9_pstyle:m_idx0:4_idx1:4_idx2:15,0,0.333333,-0.666667,0.666667,0.0628069,0.282451,-0.502094,0.627708
pname:sfrcond_gr_inst:0_ptype:gr_usecol:9_pstyle:m_idx0:2_idx1:2_idx2:15,0,0.333333,-0.666667,0.666667,0.0688726,0.290114,-0.511356,0.649101
pname:sfrcond_gr_inst:0_ptype:gr_usecol:9_pstyle:m_idx0:25_idx1:25_idx2:15,0,0.333333,-0.666667,0.666667,0.0582961,0.299447,-0.540597,0.65719
pname:sfrcond_gr_inst:0_ptype:gr_usecol:9_pstyle:m_idx0:37_idx1:37_idx2:15,0,0.333333,-0.666667,0.666667,-0.0634394,0.294218,-0.651876,0.524997
pname:sfrcond_gr_inst:0_ptype:gr_usecol:9_pstyle:m_idx0:27_idx1:27_idx2:15,0,0.333333,-0.666667,0.666667,-0.0312881,0.284163,-0.599615,0.537039
pname:sfrcond_gr_inst:0_ptype:gr_usecol:9_pstyle:m_idx0:35_idx1:35_idx2:15,0,0.333333,-0.666667,0.666667,0.00322344,0.29741,-0.591596,0.598043
pname:sfrcond_gr_inst:0_ptype:gr_usecol:9_pstyle:m_idx0:10_idx1:10_idx2:15,0,0.333333,-0.666667,0.666667,-0.0771735,0.291978,-0.66113,0.506783
pname:sfrcond_gr_inst:0_ptype:gr_usecol:9_pstyle:m_idx0:12_idx1:12_idx2:15,0,0.333333,-0.666667,0.666667,0.0178353,0.298552,-0.579269,0.61494
pname:sfrcond_gr_inst:0_ptype:gr_usecol:9_pstyle:m_idx0:18_idx1:18_idx2:15,0,0.333333,-0.666667,0.666667,-0.0211104,0.311095,-0.6433,0.601079
pname:sfrcond_gr_inst:0_ptype:gr_usecol:9_pstyle:m_idx0:20_idx1:20_idx2:15,0,0.333333,-0.666667,0.666667,-0.00766229,0.307124,-0.62191,0.606585
pname:sfrcond_gr_inst:0_ptype:gr_usecol:9_pstyle:m_idx0:0_idx1:0_idx2:15,0,0.333333,-0.666667,0.666667,0.69374,0.307111,0.079518,1.30796
pname:sfrcond_gr_inst:0_ptype:gr_usecol:9_pstyle:m_idx0:14_idx1:14_idx2:15,0,0.333333,-0.666667,0.666667,0.0108471,0.304832,-0.598816,0.62051
pname:sfrcond_gr_inst:0_ptype:gr_usecol:9_pstyle:m_idx0:13_idx1:13_idx2:15,0,0.333333,-0.666667,0.666667,0.0161939,0.301885,-0.587577,0.619964
pname:sfrcond_gr_inst:0_ptype:gr_usecol:9_pstyle:m_idx0:1_idx1:1_idx2:15,0,0.333333,-0.666667,0.666667,0.0471623,0.297592,-0.548023,0.642347
pname:sfrcond_gr_inst:0_ptype:gr_usecol:9_pstyle:m_idx0:6_idx1:6_idx2:15,0,0.333333,-0.666667,0.666667,0.0405009,0.283166,-0.525832,0.606834
pname:sfrcond_gr_inst:0_ptype:gr_usecol:9_pstyle:m_idx0:26_idx1:26_idx2:15,0,0.333333,-0.666667,0.666667,-0.0149244,0.293701,-0.602327,0.572478
pname:sfrcond_gr_inst:0_ptype:gr_usecol:9_pstyle:m_idx0:28_idx1:28_idx2:15,0,0.333333,-0.666667,0.666667,-0.0187594,0.287578,-0.593915,0.556396
pname:sfrcond_gr_inst:0_ptype:gr_usecol:9_pstyle:m_idx0:34_idx1:34_idx2:15,0,0.333333,-0.666667,0.666667,0.014844,0.288323,-0.561801,0.591489
pname:sfrcond_gr_inst:0_ptype:gr_usecol:9_pstyle:m_idx0:36_idx1:36_idx2:15,0,0.333333,-0.666667,0.666667,-0.039148,0.299546,-0.638239,0.559943
pname:sfrcond_gr_inst:0_ptype:gr_usecol:9_pstyle:m_idx0:5_idx1:5_idx2:15,0,0.333333,-0.666667,0.666667,0.0512986,0.282066,-0.512834,0.615432
pname:sfrcond_gr_inst:0_ptype:gr_usecol:9_pstyle:m_idx0:7_idx1:7_idx2:15,0,0.333333,-0.666667,0.666667,-0.0778605,0.285307,-0.648475,0.492754
pname:sfrcond_gr_inst:0_ptype:gr_usecol:9_pstyle:m_idx0:39_idx1:39_idx2:15,0,0.333333,-0.666667,0.666667,0.0249669,0.31858,-0.612194,0.662128
pname:sfrcond_gr_inst:0_ptype:gr_usecol:9_pstyle:m_idx0:3_idx1:3_idx2:15,0,0.333333,-0.666667,0.666667,0.0455206,0.284982,-0.524444,0.615485
pname:sfrcond_cn_inst:0_ptype:cn_usecol:9_pstyle:m,0,0.333333,-0.666667,0.666667,0.271438,0.150965,-0.0304914,0.573368
pname:sfr_gr_inst:0_ptype:gr_usecol:2_pstyle:m_idx0:0,0,0.0795202,-0.15904,0.15904,0.00912535,0.0792771,-0.149429,0.167679
pname:sfr_gr_inst:1_ptype:gr_usecol:2_pstyle:m_idx0:0,0,0.0795202,-0.15904,0.15904,0.00217005,0.0794578,-0.156746,0.161086
pname:sfr_gr_inst:2_ptype:gr_usecol:2_pstyle:m_idx0:0,0,0.0795202,-0.15904,0.15904,-0.30103,0.079344,-0.459718,-0.142342
pname:sfr_gr_inst:3_ptype:gr_usecol:2_pstyle:m_idx0:0,0,0.0795202,-0.15904,0.15904,0.0183011,0.0791241,-0.139947,0.176549
pname:sfr_gr_inst:4_ptype:gr_usecol:2_pstyle:m_idx0:0,0,0.0795202,-0.15904,0.15904,0.176091,0.0791661,0.017759,0.334424
pname:sfr_gr_inst:5_ptype:gr_usecol:2_pstyle:m_idx0:0,0,0.0795202,-0.15904,0.15904,0,0.0793944,-0.158789,0.158789
pname:sfr_gr_inst:6_ptype:gr_usecol:2_pstyle:m_idx0:0,0,0.0795202,-0.15904,0.15904,0,0.0794708,-0.158942,0.158942
pname:sfr_gr_inst:7_ptype:gr_usecol:2_pstyle:m_idx0:0,0,0.0795202,-0.15904,0.15904,0,0.0795026,-0.159005,0.159005
pname:sfr_gr_inst:8_ptype:gr_usecol:2_pstyle:m_idx0:0,0,0.0795202,-0.15904,0.15904,0,0.0795137,-0.159027,0.159027
pname:sfr_gr_inst:9_ptype:gr_usecol:2_pstyle:m_idx0:0,0,0.0795202,-0.15904,0.15904,0,0.0795179,-0.159036,0.159036
pname:sfr_gr_inst:10_ptype:gr_usecol:2_pstyle:m_idx0:0,0,0.0795202,-0.15904,0.15904,0,0.0795194,-0.159039,0.159039
pname:sfr_gr_inst:11_ptype:gr_usecol:2_pstyle:m_idx0:0,0,0.0795202,-0.15904,0.15904,-0.0476417,0.0793344,-0.20631,0.111027
pname:sfr_gr_inst:12_ptype:gr_usecol:2_pstyle:m_idx0:0,0,0.0795202,-0.15904,0.15904,0,0.0795199,-0.15904,0.15904
pname:sfr_gr_inst:13_ptype:gr_usecol:2_pstyle:m_idx0:0,0,0.0795202,-0.15904,0.15904,0,0.0795201,-0.15904,0.15904
pname:sfr_gr_inst:14_ptype:gr_usecol:2_pstyle:m_idx0:0,0,0.0795202,-0.15904,0.15904,0,0.0795202,-0.15904,0.15904
pname:sfr_gr_inst:15_ptype:gr_usecol:2_pstyle:m_idx0:0,0,0.0795202,-0.15904,0.15904,0,0.0795202,-0.15904,0.15904
pname:sfr_gr_inst:16_ptype:gr_usecol:2_pstyle:m_idx0:0,0,0.0795202,-0.15904,0.15904,0,0.0795202,-0.15904,0.15904
pname:sfr_gr_inst:17_ptype:gr_usecol:2_pstyle:m_idx0:0,0,0.0795202,-0.15904,0.15904,0,0.0795202,-0.15904,0.15904
pname:sfr_gr_inst:18_ptype:gr_usecol:2_pstyle:m_idx0:0,0,0.0795202,-0.15904,0.15904,-0.202851,0.0793239,-0.361499,-0.0442036
pname:sfr_gr_inst:19_ptype:gr_usecol:2_pstyle:m_idx0:0,0,0.0795202,-0.15904,0.15904,-0.136803,0.0792111,-0.295226,0.0216189
pname:sfr_gr_inst:20_ptype:gr_usecol:2_pstyle:m_idx0:0,0,0.0795202,-0.15904,0.15904,0.176091,0.0792695,0.0175523,0.33463
pname:sfr_gr_inst:21_ptype:gr_usecol:2_pstyle:m_idx0:0,0,0.0795202,-0.15904,0.15904,0.0304266,0.0794243,-0.128422,0.189275
pname:sfr_gr_inst:22_ptype:gr_usecol:2_pstyle:m_idx0:0,0,0.0795202,-0.15904,0.15904,0.176091,0.0794534,0.0171845,0.334998
pname:sfr_gr_inst:23_ptype:gr_usecol:2_pstyle:m_idx0:0,0,0.0795202,-0.15904,0.15904,-0.30103,0.0794788,-0.459988,-0.142072
pname:sfr_gr_inst:24_ptype:gr_usecol:2_pstyle:m_idx0:0,0,0.0795202,-0.15904,0.15904,-0.00263194,0.0794884,-0.161609,0.156345
