pest_file,model_file
npfklayer1gr_inst0_grid.csv.tpl,mult/npfklayer1gr_inst0_grid.csv
npfklayer1pp_inst0pp.dat.tpl,npfklayer1pp_inst0pp.dat
npfklayer1cn_inst0_constant.csv.tpl,mult/npfklayer1cn_inst0_constant.csv
npfklayer3gr_inst0_grid.csv.tpl,mult/npfklayer3gr_inst0_grid.csv
npfklayer3pp_inst0pp.dat.tpl,npfklayer3pp_inst0pp.dat
npfklayer3cn_inst0_constant.csv.tpl,mult/npfklayer3cn_inst0_constant.csv
npfklayer2gr_inst0_grid.csv.tpl,mult/npfklayer2gr_inst0_grid.csv
npfklayer2pp_inst0pp.dat.tpl,npfklayer2pp_inst0pp.dat
npfklayer2cn_inst0_constant.csv.tpl,mult/npfklayer2cn_inst0_constant.csv
npfk33layer3gr_inst0_grid.csv.tpl,mult/npfk33layer3gr_inst0_grid.csv
npfk33layer3pp_inst0pp.dat.tpl,npfk33layer3pp_inst0pp.dat
npfk33layer3cn_inst0_constant.csv.tpl,mult/npfk33layer3cn_inst0_constant.csv
npfk33layer2gr_inst0_grid.csv.tpl,mult/npfk33layer2gr_inst0_grid.csv
npfk33layer2pp_inst0pp.dat.tpl,npfk33layer2pp_inst0pp.dat
npfk33layer2cn_inst0_constant.csv.tpl,mult/npfk33layer2cn_inst0_constant.csv
npfk33layer1gr_inst0_grid.csv.tpl,mult/npfk33layer1gr_inst0_grid.csv
npfk33layer1pp_inst0pp.dat.tpl,npfk33layer1pp_inst0pp.dat
npfk33layer1cn_inst0_constant.csv.tpl,mult/npfk33layer1cn_inst0_constant.csv
stosslayer3gr_inst0_grid.csv.tpl,mult/stosslayer3gr_inst0_grid.csv
stosslayer3pp_inst0pp.dat.tpl,stosslayer3pp_inst0pp.dat
stosslayer3cn_inst0_constant.csv.tpl,mult/stosslayer3cn_inst0_constant.csv
stosslayer1gr_inst0_grid.csv.tpl,mult/stosslayer1gr_inst0_grid.csv
stosslayer1pp_inst0pp.dat.tpl,stosslayer1pp_inst0pp.dat
stosslayer1cn_inst0_constant.csv.tpl,mult/stosslayer1cn_inst0_constant.csv
stosylayer3gr_inst0_grid.csv.tpl,mult/stosylayer3gr_inst0_grid.csv
stosylayer3pp_inst0pp.dat.tpl,stosylayer3pp_inst0pp.dat
stosylayer3cn_inst0_constant.csv.tpl,mult/stosylayer3cn_inst0_constant.csv
nelayer3gr_inst0_grid.csv.tpl,mult/nelayer3gr_inst0_grid.csv
nelayer3pp_inst0pp.dat.tpl,nelayer3pp_inst0pp.dat
nelayer3cn_inst0_constant.csv.tpl,mult/nelayer3cn_inst0_constant.csv
nelayer2gr_inst0_grid.csv.tpl,mult/nelayer2gr_inst0_grid.csv
nelayer2pp_inst0pp.dat.tpl,nelayer2pp_inst0pp.dat
nelayer2cn_inst0_constant.csv.tpl,mult/nelayer2cn_inst0_constant.csv
nelayer1gr_inst0_grid.csv.tpl,mult/nelayer1gr_inst0_grid.csv
nelayer1pp_inst0pp.dat.tpl,nelayer1pp_inst0pp.dat
nelayer1cn_inst0_constant.csv.tpl,mult/nelayer1cn_inst0_constant.csv
rch_recharge_1gr_inst0_grid.csv.tpl,mult/rch_recharge_1gr_inst0_grid.csv
rch_recharge_1pp_inst0pp.dat.tpl,rch_recharge_1pp_inst0pp.dat
rch_recharge_1tcn_inst0_constant.csv.tpl,mult/rch_recharge_1tcn_inst0_constant.csv
rch_recharge_2tcn_inst0_constant.csv.tpl,mult/rch_recharge_2tcn_inst0_constant.csv
rch_recharge_3tcn_inst0_constant.csv.tpl,mult/rch_recharge_3tcn_inst0_constant.csv
rch_recharge_4tcn_inst0_constant.csv.tpl,mult/rch_recharge_4tcn_inst0_constant.csv
rch_recharge_5tcn_inst0_constant.csv.tpl,mult/rch_recharge_5tcn_inst0_constant.csv
rch_recharge_6tcn_inst0_constant.csv.tpl,mult/rch_recharge_6tcn_inst0_constant.csv
rch_recharge_7tcn_inst0_constant.csv.tpl,mult/rch_recharge_7tcn_inst0_constant.csv
rch_recharge_8tcn_inst0_constant.csv.tpl,mult/rch_recharge_8tcn_inst0_constant.csv
rch_recharge_9tcn_inst0_constant.csv.tpl,mult/rch_recharge_9tcn_inst0_constant.csv
rch_recharge_10tcn_inst0_constant.csv.tpl,mult/rch_recharge_10tcn_inst0_constant.csv
rch_recharge_11tcn_inst0_constant.csv.tpl,mult/rch_recharge_11tcn_inst0_constant.csv
rch_recharge_12tcn_inst0_constant.csv.tpl,mult/rch_recharge_12tcn_inst0_constant.csv
rch_recharge_13tcn_inst0_constant.csv.tpl,mult/rch_recharge_13tcn_inst0_constant.csv
rch_recharge_14tcn_inst0_constant.csv.tpl,mult/rch_recharge_14tcn_inst0_constant.csv
rch_recharge_15tcn_inst0_constant.csv.tpl,mult/rch_recharge_15tcn_inst0_constant.csv
rch_recharge_16tcn_inst0_constant.csv.tpl,mult/rch_recharge_16tcn_inst0_constant.csv
rch_recharge_17tcn_inst0_constant.csv.tpl,mult/rch_recharge_17tcn_inst0_constant.csv
rch_recharge_18tcn_inst0_constant.csv.tpl,mult/rch_recharge_18tcn_inst0_constant.csv
rch_recharge_19tcn_inst0_constant.csv.tpl,mult/rch_recharge_19tcn_inst0_constant.csv
rch_recharge_20tcn_inst0_constant.csv.tpl,mult/rch_recharge_20tcn_inst0_constant.csv
rch_recharge_21tcn_inst0_constant.csv.tpl,mult/rch_recharge_21tcn_inst0_constant.csv
rch_recharge_22tcn_inst0_constant.csv.tpl,mult/rch_recharge_22tcn_inst0_constant.csv
rch_recharge_23tcn_inst0_constant.csv.tpl,mult/rch_recharge_23tcn_inst0_constant.csv
rch_recharge_24tcn_inst0_constant.csv.tpl,mult/rch_recharge_24tcn_inst0_constant.csv
rch_recharge_25tcn_inst0_constant.csv.tpl,mult/rch_recharge_25tcn_inst0_constant.csv
ghbcondgr_inst0_grid.csv.tpl,mult/ghbcondgr_inst0_grid.csv
ghbcondcn_inst0_constant.csv.tpl,mult/ghbcondcn_inst0_constant.csv
ghbheadgr_inst0_grid.csv.tpl,mult/ghbheadgr_inst0_grid.csv
ghbheadcn_inst0_constant.csv.tpl,mult/ghbheadcn_inst0_constant.csv
welcst_inst0_constant.csv.tpl,mult/welcst_inst0_constant.csv
welgrd_inst0_grid.csv.tpl,mult/welgrd_inst0_grid.csv
welcst_inst1_constant.csv.tpl,mult/welcst_inst1_constant.csv
welgrd_inst1_grid.csv.tpl,mult/welgrd_inst1_grid.csv
welcst_inst2_constant.csv.tpl,mult/welcst_inst2_constant.csv
welgrd_inst2_grid.csv.tpl,mult/welgrd_inst2_grid.csv
welcst_inst3_constant.csv.tpl,mult/welcst_inst3_constant.csv
welgrd_inst3_grid.csv.tpl,mult/welgrd_inst3_grid.csv
welcst_inst4_constant.csv.tpl,mult/welcst_inst4_constant.csv
welgrd_inst4_grid.csv.tpl,mult/welgrd_inst4_grid.csv
welcst_inst5_constant.csv.tpl,mult/welcst_inst5_constant.csv
welgrd_inst5_grid.csv.tpl,mult/welgrd_inst5_grid.csv
welcst_inst6_constant.csv.tpl,mult/welcst_inst6_constant.csv
welgrd_inst6_grid.csv.tpl,mult/welgrd_inst6_grid.csv
welcst_inst7_constant.csv.tpl,mult/welcst_inst7_constant.csv
welgrd_inst7_grid.csv.tpl,mult/welgrd_inst7_grid.csv
welcst_inst8_constant.csv.tpl,mult/welcst_inst8_constant.csv
welgrd_inst8_grid.csv.tpl,mult/welgrd_inst8_grid.csv
welcst_inst9_constant.csv.tpl,mult/welcst_inst9_constant.csv
welgrd_inst9_grid.csv.tpl,mult/welgrd_inst9_grid.csv
welcst_inst10_constant.csv.tpl,mult/welcst_inst10_constant.csv
welgrd_inst10_grid.csv.tpl,mult/welgrd_inst10_grid.csv
welcst_inst11_constant.csv.tpl,mult/welcst_inst11_constant.csv
welgrd_inst11_grid.csv.tpl,mult/welgrd_inst11_grid.csv
welcst_inst12_constant.csv.tpl,mult/welcst_inst12_constant.csv
welgrd_inst12_grid.csv.tpl,mult/welgrd_inst12_grid.csv
welcst_inst13_constant.csv.tpl,mult/welcst_inst13_constant.csv
welgrd_inst13_grid.csv.tpl,mult/welgrd_inst13_grid.csv
welcst_inst14_constant.csv.tpl,mult/welcst_inst14_constant.csv
welgrd_inst14_grid.csv.tpl,mult/welgrd_inst14_grid.csv
welcst_inst15_constant.csv.tpl,mult/welcst_inst15_constant.csv
welgrd_inst15_grid.csv.tpl,mult/welgrd_inst15_grid.csv
welcst_inst16_constant.csv.tpl,mult/welcst_inst16_constant.csv
welgrd_inst16_grid.csv.tpl,mult/welgrd_inst16_grid.csv
welcst_inst17_constant.csv.tpl,mult/welcst_inst17_constant.csv
welgrd_inst17_grid.csv.tpl,mult/welgrd_inst17_grid.csv
welcst_inst18_constant.csv.tpl,mult/welcst_inst18_constant.csv
welgrd_inst18_grid.csv.tpl,mult/welgrd_inst18_grid.csv
welcst_inst19_constant.csv.tpl,mult/welcst_inst19_constant.csv
welgrd_inst19_grid.csv.tpl,mult/welgrd_inst19_grid.csv
welcst_inst20_constant.csv.tpl,mult/welcst_inst20_constant.csv
welgrd_inst20_grid.csv.tpl,mult/welgrd_inst20_grid.csv
welcst_inst21_constant.csv.tpl,mult/welcst_inst21_constant.csv
welgrd_inst21_grid.csv.tpl,mult/welgrd_inst21_grid.csv
welcst_inst22_constant.csv.tpl,mult/welcst_inst22_constant.csv
welgrd_inst22_grid.csv.tpl,mult/welgrd_inst22_grid.csv
welcst_inst23_constant.csv.tpl,mult/welcst_inst23_constant.csv
welgrd_inst23_grid.csv.tpl,mult/welgrd_inst23_grid.csv
welcst_inst24_constant.csv.tpl,mult/welcst_inst24_constant.csv
welgrd_inst24_grid.csv.tpl,mult/welgrd_inst24_grid.csv
sfrcondgr_inst0_grid.csv.tpl,mult/sfrcondgr_inst0_grid.csv
sfrcondcn_inst0_constant.csv.tpl,mult/sfrcondcn_inst0_constant.csv
sfrgr_inst0_grid.csv.tpl,mult/sfrgr_inst0_grid.csv
sfrgr_inst1_grid.csv.tpl,mult/sfrgr_inst1_grid.csv
sfrgr_inst2_grid.csv.tpl,mult/sfrgr_inst2_grid.csv
sfrgr_inst3_grid.csv.tpl,mult/sfrgr_inst3_grid.csv
sfrgr_inst4_grid.csv.tpl,mult/sfrgr_inst4_grid.csv
sfrgr_inst5_grid.csv.tpl,mult/sfrgr_inst5_grid.csv
sfrgr_inst6_grid.csv.tpl,mult/sfrgr_inst6_grid.csv
sfrgr_inst7_grid.csv.tpl,mult/sfrgr_inst7_grid.csv
sfrgr_inst8_grid.csv.tpl,mult/sfrgr_inst8_grid.csv
sfrgr_inst9_grid.csv.tpl,mult/sfrgr_inst9_grid.csv
sfrgr_inst10_grid.csv.tpl,mult/sfrgr_inst10_grid.csv
sfrgr_inst11_grid.csv.tpl,mult/sfrgr_inst11_grid.csv
sfrgr_inst12_grid.csv.tpl,mult/sfrgr_inst12_grid.csv
sfrgr_inst13_grid.csv.tpl,mult/sfrgr_inst13_grid.csv
sfrgr_inst14_grid.csv.tpl,mult/sfrgr_inst14_grid.csv
sfrgr_inst15_grid.csv.tpl,mult/sfrgr_inst15_grid.csv
sfrgr_inst16_grid.csv.tpl,mult/sfrgr_inst16_grid.csv
sfrgr_inst17_grid.csv.tpl,mult/sfrgr_inst17_grid.csv
sfrgr_inst18_grid.csv.tpl,mult/sfrgr_inst18_grid.csv
sfrgr_inst19_grid.csv.tpl,mult/sfrgr_inst19_grid.csv
sfrgr_inst20_grid.csv.tpl,mult/sfrgr_inst20_grid.csv
sfrgr_inst21_grid.csv.tpl,mult/sfrgr_inst21_grid.csv
sfrgr_inst22_grid.csv.tpl,mult/sfrgr_inst22_grid.csv
sfrgr_inst23_grid.csv.tpl,mult/sfrgr_inst23_grid.csv
sfrgr_inst24_grid.csv.tpl,mult/sfrgr_inst24_grid.csv
freyberg6.ic_strt_layer3.txt.tpl,org/freyberg6.ic_strt_layer3.txt
freyberg6.ic_strt_layer2.txt.tpl,org/freyberg6.ic_strt_layer2.txt
freyberg6.ic_strt_layer1.txt.tpl,org/freyberg6.ic_strt_layer1.txt
